customer_id,customer_name,customer_address,customer_phone_num,customer_email_address
0,Alan Perry,DU10 Ikeja Along Road Lagos,497-733-4177,AlanPerry@yahoo.com
1,Robin Henry,PM2 Maryland Mall Road Lagos,632-957-7882,RobinHenry@gmail.com
2,Kelly Hoffman,CV51 Marina Street Lagos,115-847-9886,KellyHoffman@yahoo.com
3,John Logan,SN88 Ago Palace Way Lagos,849-804-5678,JohnLogan@gmail.com
4,Crystal Williams,HQ83 Ikeja Along Road Lagos,164-818-5754,CrystalWilliams@gmail.com
5,Stephanie Herrera,EP16 Oyin Jolayemi Street Lagos,375-104-3397,StephanieHerrera@gmail.com
6,Danielle Mann,IH90 Iganmu Road Lagos,185-934-7410,DanielleMann@gmail.com
7,Brett Walker,HO12 Ligali Ayorinde Street Lagos,266-793-8024,BrettWalker@yahoo.com
8,Russell Norris,BY84 Marina Street Lagos,325-702-3178,RussellNorris@gmail.com
9,Robert Smith,EA33 Eko Bridge Lagos,820-668-6177,RobertSmith@yahoo.com
10,Melissa Malone,FW64 Broad Street Lagos,964-874-2364,MelissaMalone@yahoo.com
11,Beth Henry,YG77 Adelabu Street Lagos,747-847-3312,BethHenry@yahoo.com
12,Lindsey Cantu,OY4 Akin Adesola Street Lagos,178-853-5106,LindseyCantu@gmail.com
13,Helen Ramirez,FU69 Oyin Jolayemi Street Lagos,170-680-5157,HelenRamirez@gmail.com
14,Ronald Salazar,SR96 Maryland Mall Road Lagos,589-540-8072,RonaldSalazar@yahoo.com
15,John Rogers,TN11 Ajao Road Lagos,650-120-8114,JohnRogers@gmail.com
16,Thomas Herrera,KM91 Lekki-Epe Expressway Lagos,538-936-4391,ThomasHerrera@gmail.com
17,Benjamin Peterson,BM84 Apapa Road Lagos,569-366-8661,BenjaminPeterson@yahoo.com
18,Ashley Watts,FW100 Ojuelegba Road Lagos,910-755-7517,AshleyWatts@gmail.com
19,Melinda Perez,EU80 Oduduwa Crescent Lagos,143-658-6054,MelindaPerez@yahoo.com
20,Charles Ware,ZY69 Idumagbo Avenue Lagos,628-408-2381,CharlesWare@yahoo.com
21,Taylor Wright,YV48 New Market Road Lagos,833-169-8645,TaylorWright@yahoo.com
22,Katherine Bond,MF24 Adeola Odeku Street Lagos,716-560-1598,KatherineBond@yahoo.com
23,Steven Barry,AD14 Akerele Street Lagos,127-355-4087,StevenBarry@gmail.com
24,Rebecca Gonzalez,BN56 Adelabu Street Lagos,942-418-6874,RebeccaGonzalez@gmail.com
25,Mark Davis,TW52 Ogunlana Drive Lagos,750-827-4480,MarkDavis@yahoo.com
26,Sean Wade,GN12 Bourdillon Road Lagos,185-981-9408,SeanWade@gmail.com
27,Debbie Johnson,YW12 Olusegun Obasanjo Way Lagos,109-526-1842,DebbieJohnson@yahoo.com
28,Jason Perkins,MA90 Allen Avenue Lagos,205-919-5057,JasonPerkins@yahoo.com
29,Misty Thornton,HT53 G.R.A. Ikeja Lagos,459-388-8567,MistyThornton@yahoo.com
30,Jordan Chambers,QC10 Adeniran Ogunsanya Street Lagos,277-173-6569,JordanChambers@gmail.com
31,Gabriela Smith,FC86 Epe Road Lagos,258-300-3504,GabrielaSmith@gmail.com
32,Kristi Cuevas,YP96 Epe Road Lagos,283-906-4230,KristiCuevas@yahoo.com
33,Kimberly Hughes,XQ8 Bishop Oluwole Street Lagos,822-832-1566,KimberlyHughes@gmail.com
34,Pamela Smith,TO32 Alausa Secretariat Road Lagos,727-969-2243,PamelaSmith@yahoo.com
35,Daniel Johnson,JI31 Oshodi-Apapa Expressway Lagos,552-940-9989,DanielJohnson@yahoo.com
36,Laura Barnett,ZJ92 Joel Ogunnaike Street Lagos,990-848-7035,LauraBarnett@yahoo.com
37,Joseph Patterson,AP29 Lekki-Epe Expressway Lagos,668-279-3639,JosephPatterson@gmail.com
38,Kevin Taylor,PQ2 Freedom Park Road Lagos,245-715-3419,KevinTaylor@gmail.com
39,Christina Morse,LS96 Karimu Kotun Street Lagos,195-921-1733,ChristinaMorse@yahoo.com
40,Corey Smith,VQ34 Ikorodu Road Lagos,534-922-9757,CoreySmith@yahoo.com
41,Daniel Curtis MD,HB96 Lekki-Epe Expressway Lagos,749-753-4748,DanielCurtisMD@gmail.com
42,Bethany Stark,WW65 Victoria Island Lagos,255-817-3882,BethanyStark@yahoo.com
43,Anna Garrett DDS,XD10 Idumagbo Avenue Lagos,863-836-2185,AnnaGarrettDDS@gmail.com
44,Sandra Clay,HT65 Akin Adesola Street Lagos,339-715-5461,SandraClay@yahoo.com
45,Cameron Williams,JA3 Ago Palace Way Lagos,349-222-7947,CameronWilliams@yahoo.com
46,Valerie Weaver DDS,IR87 College Road Lagos,435-620-3229,ValerieWeaverDDS@gmail.com
47,Michelle Todd,XS99 Broad Street Lagos,721-873-5819,MichelleTodd@yahoo.com
48,Erik Hicks,OB62 Ogunlana Drive Lagos,721-856-4920,ErikHicks@gmail.com
49,Joshua Phillips,WS28 Idumagbo Avenue Lagos,783-216-8385,JoshuaPhillips@gmail.com
50,Rhonda Watson,PS80 Falomo Bridge Lagos,796-560-3322,RhondaWatson@gmail.com
51,Jessica Butler,VO54 Oniru Road Lagos,796-752-3893,JessicaButler@yahoo.com
52,Mr. Jose Reed III,VC44 Olusegun Obasanjo Way Lagos,293-428-7759,Mr.JoseReedIII@yahoo.com
53,Caitlyn Santiago,GB94 Allen Avenue Lagos,299-676-4126,CaitlynSantiago@yahoo.com
54,Lauren Wright,GT1 Victoria Island Lagos,682-828-9882,LaurenWright@gmail.com
55,Benjamin Johnson,NT40 Opebi Road Lagos,445-992-7868,BenjaminJohnson@gmail.com
56,Jessica Turner,ZV9 Glover Road Lagos,370-993-2083,JessicaTurner@gmail.com
57,Ashley Morales,IG22 Yaba Road Lagos,504-793-2781,AshleyMorales@gmail.com
58,Victoria Rosales,FI93 Oba Akinjobi Street Lagos,662-719-4160,VictoriaRosales@gmail.com
59,Anna Miller,RE1 Ligali Ayorinde Street Lagos,386-983-2865,AnnaMiller@yahoo.com
60,David Wall,DQ19 Simbiat Abiola Road Lagos,945-999-7635,DavidWall@yahoo.com
61,Jessica Williams,JA83 Oba Akinjobi Street Lagos,923-187-7157,JessicaWilliams@gmail.com
62,Maria Jones,FP72 Iganmu Road Lagos,687-219-9686,MariaJones@gmail.com
63,James Long,LD30 Olusegun Obasanjo Way Lagos,371-771-3041,JamesLong@yahoo.com
64,Emily Ryan,SA59 Idumagbo Avenue Lagos,714-823-8264,EmilyRyan@gmail.com
65,David Novak,WG35 Herbert Macaulay Way Lagos,350-109-3005,DavidNovak@yahoo.com
66,Jordan Richardson,SJ94 Alhaji Masha Road Lagos,270-475-7995,JordanRichardson@gmail.com
67,Stephen Holloway,RE75 Ijaye Road Lagos,872-180-8400,StephenHolloway@gmail.com
68,Edward Schultz,EZ55 Oniru Beach Road Lagos,346-442-7893,EdwardSchultz@gmail.com
69,Christie Patel,GV78 Oniru Beach Road Lagos,453-131-2295,ChristiePatel@yahoo.com
70,Natalie Anthony,AR48 Apapa Road Lagos,456-928-9305,NatalieAnthony@gmail.com
71,Breanna Stewart,NX32 Akinwunmi Street Lagos,824-845-4277,BreannaStewart@yahoo.com
72,Diane Cohen,NC75 Idowu Taylor Street Lagos,914-602-6953,DianeCohen@yahoo.com
73,Clayton Howard,JZ25 Ago Palace Way Lagos,444-312-2713,ClaytonHoward@gmail.com
74,Tonya Gallegos,JY27 Akinwunmi Street Lagos,182-864-6233,TonyaGallegos@gmail.com
75,Justin Miller,BQ72 Adeola Odeku Street Lagos,173-998-3187,JustinMiller@gmail.com
76,Tammy Hickman,XP99 Lekki-Epe Expressway Lagos,370-810-9506,TammyHickman@yahoo.com
77,Jose Rodriguez,PL8 Ajose Adeogun Street Lagos,361-324-5522,JoseRodriguez@yahoo.com
78,Gabriela Garcia,DW5 G.R.A. Ikeja Lagos,306-629-6305,GabrielaGarcia@yahoo.com
79,Samantha Malone,FK96 Oba Akran Avenue Lagos,957-394-1899,SamanthaMalone@gmail.com
80,Sara Mcintyre,TA2 Apapa Road Lagos,917-747-1960,SaraMcintyre@gmail.com
81,Kimberly Winters,QJ63 Murtala Muhammed Way Lagos,814-384-6249,KimberlyWinters@yahoo.com
82,Sylvia Lambert,QV76 G.R.A. Ikeja Lagos,627-237-6857,SylviaLambert@yahoo.com
83,Diana Christian,BJ44 Murtala Muhammed Way Lagos,485-826-3012,DianaChristian@yahoo.com
84,Albert Haas,FC47 Eric Moore Road Lagos,204-738-7337,AlbertHaas@gmail.com
85,Jeremiah Carroll,LR27 Murtala Muhammed Way Lagos,546-792-8010,JeremiahCarroll@yahoo.com
86,Darius James,UM50 Apapa Road Lagos,301-741-7650,DariusJames@gmail.com
87,Emily Romero,PP5 Herbert Macaulay Way Lagos,938-790-8506,EmilyRomero@gmail.com
88,Zachary Galvan,RW18 New Market Road Lagos,888-297-2890,ZacharyGalvan@yahoo.com
89,Jillian Crawford,NA29 Ligali Ayorinde Street Lagos,522-588-3639,JillianCrawford@yahoo.com
90,Kimberly Hernandez,GP93 Ojota Interchange Lagos,366-537-7636,KimberlyHernandez@gmail.com
91,James Smith,MH44 Opebi Road Lagos,858-318-8897,JamesSmith@gmail.com
92,Craig Prince,HS28 Ikeja Along Road Lagos,372-116-9902,CraigPrince@gmail.com
93,Brittany Jordan,UH86 Oba Akran Avenue Lagos,396-466-1128,BrittanyJordan@gmail.com
94,David Garner,LI37 Idowu Taylor Street Lagos,387-514-2494,DavidGarner@yahoo.com
95,Colleen Shaffer,TH65 Oshodi Market Road Lagos,373-112-5812,ColleenShaffer@yahoo.com
96,Melissa Walker,AX32 Babs Animashaun Road Lagos,308-149-3045,MelissaWalker@gmail.com
97,Christina Gonzalez,FY47 New Market Road Lagos,491-218-4215,ChristinaGonzalez@gmail.com
98,Michael Aguirre,GM15 Freedom Park Road Lagos,185-744-3018,MichaelAguirre@yahoo.com
99,Adam Smith,SO25 Oregun Road Lagos,150-451-7481,AdamSmith@gmail.com
100,Lisa Rios,LS18 Ikorodu Road Lagos,829-562-4816,LisaRios@gmail.com
101,Amber Warner,OW56 Eric Moore Road Lagos,844-315-4492,AmberWarner@gmail.com
102,Sharon Smith,EP94 Oshodi-Apapa Expressway Lagos,779-883-6188,SharonSmith@yahoo.com
103,Sarah Gray,QO23 Ogunlana Drive Lagos,438-886-6795,SarahGray@yahoo.com
104,Terry Vaughn,UA89 Aromire Avenue Lagos,367-728-2085,TerryVaughn@yahoo.com
105,Gina Mitchell,ZR60 Akin Adesola Street Lagos,705-811-8234,GinaMitchell@yahoo.com
106,Michael Johnson,VB79 Oba Akran Avenue Lagos,150-223-7848,MichaelJohnson@yahoo.com
107,Joseph Miller,YB7 Awolowo Way Lagos,781-210-9908,JosephMiller@gmail.com
108,Kristy Ramirez,OO6 Creek Road Lagos,518-355-7001,KristyRamirez@gmail.com
109,Paul Shaw,YQ26 Oshodi Market Road Lagos,193-845-9810,PaulShaw@gmail.com
110,Kaitlin Hill,EA10 Ajose Adeogun Street Lagos,206-577-7002,KaitlinHill@gmail.com
111,Alisha Berry,MT99 New Market Road Lagos,799-631-1317,AlishaBerry@gmail.com
112,Christina Rhodes DVM,CO32 Victoria Island Lagos,388-952-8496,ChristinaRhodesDVM@gmail.com
113,Lisa Roth,ZK67 Ojota Interchange Lagos,457-329-8976,LisaRoth@yahoo.com
114,David Mills,PS81 Bourdillon Road Lagos,976-598-3985,DavidMills@gmail.com
115,Jose Roth,OM45 Oduduwa Crescent Lagos,367-244-9211,JoseRoth@yahoo.com
116,David King,AG59 Adelabu Street Lagos,685-597-7956,DavidKing@yahoo.com
117,Christopher Blackwell,JF62 Akerele Street Lagos,859-913-9306,ChristopherBlackwell@gmail.com
118,Sean Stout,KZ11 Agege Motor Road Lagos,248-555-6743,SeanStout@yahoo.com
119,Zachary Williams,FR68 Allen Avenue Lagos,343-823-3896,ZacharyWilliams@gmail.com
120,Megan Burnett,VD83 Apongbon Road Lagos,284-813-2871,MeganBurnett@gmail.com
121,Christine Rhodes,NW21 Adekunle Fajuyi Way Lagos,512-264-4498,ChristineRhodes@gmail.com
122,Allen Martin,LR61 Opebi Road Lagos,242-342-3627,AllenMartin@gmail.com
123,Kristen Garza,GX86 Ojota Interchange Lagos,627-938-9285,KristenGarza@yahoo.com
124,Ronald Morgan,UX61 Allen Avenue Lagos,300-789-2964,RonaldMorgan@gmail.com
125,Jennifer Webb,LW52 Mobolaji Bank Anthony Way Lagos,887-557-9581,JenniferWebb@gmail.com
126,Valerie Baker,ZH33 Ikorodu Road Lagos,826-878-8759,ValerieBaker@yahoo.com
127,Kimberly Thompson,BO21 Western Avenue Lagos,730-904-7403,KimberlyThompson@yahoo.com
128,Laurie Perry,VI61 Marina Street Lagos,421-533-3096,LauriePerry@gmail.com
129,Amanda Rasmussen,GE32 Marina Street Lagos,568-145-6293,AmandaRasmussen@gmail.com
130,Eric Williamson,FL72 Marina Street Lagos,475-112-8306,EricWilliamson@gmail.com
131,Toni Reeves,SO74 Obafemi Awolowo Way Lagos,356-783-1541,ToniReeves@yahoo.com
132,Gilbert King,VO1 Idumagbo Avenue Lagos,306-972-1154,GilbertKing@yahoo.com
133,William Castaneda,WV13 Eko Bridge Lagos,828-318-3562,WilliamCastaneda@yahoo.com
134,Nancy Alvarez,PN13 Falomo Bridge Lagos,290-343-7941,NancyAlvarez@yahoo.com
135,Donna Ellis,GH81 Babs Animashaun Road Lagos,155-307-2346,DonnaEllis@gmail.com
136,Christina Johnson,OY80 Obafemi Awolowo Way Lagos,254-902-9140,ChristinaJohnson@yahoo.com
137,Audrey Harris,DO16 Iganmu Road Lagos,184-845-5043,AudreyHarris@yahoo.com
138,Preston Hill,PD18 Ajose Adeogun Street Lagos,722-204-9317,PrestonHill@gmail.com
139,Jamie Dixon,CH42 Obafemi Awolowo Road Lagos,148-812-3992,JamieDixon@yahoo.com
140,Michael Fisher,OV75 Adegbola Street Lagos,514-664-9535,MichaelFisher@yahoo.com
141,Nancy Wood,OU10 Adekunle Fajuyi Way Lagos,122-390-7422,NancyWood@yahoo.com
142,Linda Ross,MF50 Oba Akran Avenue Lagos,375-228-1167,LindaRoss@gmail.com
143,David Smith PhD,KC24 Ojota Interchange Lagos,487-832-9313,DavidSmithPhD@yahoo.com
144,Pamela Edwards,DA29 Isaac John Street Lagos,724-626-3905,PamelaEdwards@gmail.com
145,Michael Williams,NP27 Western Avenue Lagos,572-329-1481,MichaelWilliams@gmail.com
146,Tiffany Rhodes,HC8 Murtala Muhammed Way Lagos,217-403-1953,TiffanyRhodes@gmail.com
147,Mary Lynch,KJ22 Maryland Mall Road Lagos,285-837-7481,MaryLynch@yahoo.com
148,John Parks,CQ65 Murtala Muhammed Way Lagos,345-873-9492,JohnParks@yahoo.com
149,Lori Park,JX59 Apapa Road Lagos,829-522-4851,LoriPark@gmail.com
150,Virginia Gray,NV46 Epe Road Lagos,614-486-5394,VirginiaGray@gmail.com
151,Madeline Thornton,MA22 Allen Avenue Lagos,591-494-1973,MadelineThornton@yahoo.com
152,Christy Burke,QG49 Eleganza Plaza Road Lagos,395-313-7275,ChristyBurke@gmail.com
153,Mary Edwards,XS8 Adetokunbo Ademola Street Lagos,319-943-7134,MaryEdwards@yahoo.com
154,Donald Adkins,VX49 Ahmadu Bello Way Lagos,422-997-9274,DonaldAdkins@yahoo.com
155,Tiffany Contreras,TF43 Yaba Road Lagos,690-956-1354,TiffanyContreras@yahoo.com
156,Katherine Young,LU39 Karimu Kotun Street Lagos,789-538-4844,KatherineYoung@gmail.com
157,Kimberly Ruiz,PG52 Oduduwa Crescent Lagos,199-938-6514,KimberlyRuiz@gmail.com
158,Yolanda Woodard,JF75 Oshodi Market Road Lagos,477-389-8928,YolandaWoodard@gmail.com
159,Rachel Williams,BP13 Awolowo Road Lagos,959-617-6019,RachelWilliams@yahoo.com
160,Daniel Williams,QW68 Toyin Street Lagos,457-945-7337,DanielWilliams@gmail.com
161,Joseph Richardson,CG6 Eleganza Plaza Road Lagos,660-834-1051,JosephRichardson@gmail.com
162,April Hill,BK96 Idumagbo Avenue Lagos,813-620-2807,AprilHill@gmail.com
163,David Dean,KG100 Okota Road Lagos,324-406-6275,DavidDean@gmail.com
164,Lauren Smith,KZ35 Eko Bridge Lagos,226-269-2311,LaurenSmith@gmail.com
165,Mary Shaw,WU55 Toyin Street Lagos,682-621-7915,MaryShaw@yahoo.com
166,Vincent Rojas,MU71 Ojuelegba Road Lagos,154-265-6053,VincentRojas@gmail.com
167,Steve Weber,SK7 Western Avenue Lagos,756-788-2799,SteveWeber@yahoo.com
168,Kimberly Hernandez,EE11 Broad Street Lagos,433-236-4845,KimberlyHernandez@yahoo.com
169,Jonathan Campos,BO57 Olusegun Obasanjo Way Lagos,405-821-6123,JonathanCampos@yahoo.com
170,Monica Davis,PX45 Oduduwa Crescent Lagos,429-888-7065,MonicaDavis@yahoo.com
171,James Finley,SF81 Bode Thomas Street Lagos,795-813-3144,JamesFinley@yahoo.com
172,Regina Dickson,NP79 Oduduwa Crescent Lagos,149-555-4408,ReginaDickson@yahoo.com
173,Alison Cunningham,GQ20 Alausa Secretariat Road Lagos,479-148-3449,AlisonCunningham@yahoo.com
174,Samantha Rodriguez,WV28 Aromire Avenue Lagos,681-477-4647,SamanthaRodriguez@gmail.com
175,Stephanie Jordan,QF5 Yaba Road Lagos,181-173-1769,StephanieJordan@yahoo.com
176,Cynthia York,SO43 Epe Road Lagos,858-513-8960,CynthiaYork@yahoo.com
177,Matthew Austin,HQ80 Iganmu Road Lagos,711-824-2190,MatthewAustin@yahoo.com
178,Kathleen Ruiz,AF63 Olusegun Obasanjo Way Lagos,468-524-5451,KathleenRuiz@gmail.com
179,Christopher Sanford,QM82 Adeniran Ogunsanya Street Lagos,793-927-5213,ChristopherSanford@gmail.com
180,John Flores MD,BO48 Eric Moore Road Lagos,516-161-6852,JohnFloresMD@gmail.com
181,Shane Costa,JZ29 Oduduwa Crescent Lagos,353-328-4668,ShaneCosta@gmail.com
182,Patricia Torres,FC64 Gbagada Expressway Lagos,137-201-2104,PatriciaTorres@yahoo.com
183,Donna Hodges,TB77 Apapa Road Lagos,396-821-2755,DonnaHodges@gmail.com
184,Timothy Stevenson,CJ83 Obafemi Awolowo Road Lagos,769-839-7765,TimothyStevenson@gmail.com
185,Alexander Kelly,ZP8 Victoria Island Lagos,446-222-9811,AlexanderKelly@yahoo.com
186,Crystal Gardner,LY38 Surulere Way Lagos,779-269-9805,CrystalGardner@yahoo.com
187,Elaine Williams,CS10 Adeyemo Alakija Street Lagos,991-389-1608,ElaineWilliams@gmail.com
188,Gavin Jones,XF62 Marina Street Lagos,252-820-2893,GavinJones@gmail.com
189,Cynthia Torres,FT25 Ojota Interchange Lagos,431-149-1956,CynthiaTorres@yahoo.com
190,Ronnie Carter,AQ49 Akin Adesola Street Lagos,260-502-3879,RonnieCarter@yahoo.com
191,Daniel Hensley,FU15 Agege Motor Road Lagos,487-421-4721,DanielHensley@gmail.com
192,Chris Banks,WN10 Apongbon Road Lagos,453-406-5455,ChrisBanks@gmail.com
193,Jasmine Turner,DM27 Idowu Taylor Street Lagos,633-125-6627,JasmineTurner@gmail.com
194,Sherry Miller,KZ78 Awolowo Road Lagos,353-246-8379,SherryMiller@gmail.com
195,Mark Woodard,JM91 Babs Animashaun Road Lagos,106-398-2644,MarkWoodard@gmail.com
196,Erica King,TW11 Eric Moore Road Lagos,998-772-8359,EricaKing@yahoo.com
197,Albert Reeves,RD15 Awolowo Road Lagos,766-723-5343,AlbertReeves@gmail.com
198,Luis Collins,FP98 Ago Palace Way Lagos,267-382-2642,LuisCollins@gmail.com
199,Jeff Barr,OX46 Epe Road Lagos,813-882-7262,JeffBarr@yahoo.com
200,Mrs. Angela Simmons,DM49 Adelabu Street Lagos,238-563-4645,Mrs.AngelaSimmons@gmail.com
201,Christopher Moody,EQ15 Adetokunbo Ademola Street Lagos,776-913-1832,ChristopherMoody@gmail.com
202,Amanda Rodgers,QU88 Oyin Jolayemi Street Lagos,668-235-5532,AmandaRodgers@yahoo.com
203,Kelly Pierce,VI43 Western Avenue Lagos,966-241-2647,KellyPierce@yahoo.com
204,Anthony Johnson,HJ51 Apapa Road Lagos,400-151-2071,AnthonyJohnson@yahoo.com
205,Tracy Newman,JW96 Ikorodu Road Lagos,937-557-4895,TracyNewman@gmail.com
206,Ricardo Moreno,MV92 Akin Adesola Street Lagos,426-779-9464,RicardoMoreno@gmail.com
207,Noah Perry,PU99 Idowu Taylor Street Lagos,206-197-1667,NoahPerry@gmail.com
208,Sara Solis,KC50 Ikorodu Road Lagos,225-860-6770,SaraSolis@gmail.com
209,Connor Johnson,VG63 Mobolaji Bank Anthony Way Lagos,994-521-1530,ConnorJohnson@yahoo.com
210,William Garcia,TJ49 Eleganza Plaza Road Lagos,391-255-3650,WilliamGarcia@gmail.com
211,Rebecca Russell,FG25 College Road Lagos,647-625-3893,RebeccaRussell@gmail.com
212,Joel Scott,RV45 New Market Road Lagos,888-530-2443,JoelScott@gmail.com
213,Heather Cruz,UY56 Oniru Road Lagos,250-437-8380,HeatherCruz@gmail.com
214,John Taylor,QX36 Epe Road Lagos,853-321-9923,JohnTaylor@gmail.com
215,Dorothy Martin,PW74 New Market Road Lagos,739-147-9804,DorothyMartin@yahoo.com
216,Joel Tucker,YG43 Idumagbo Avenue Lagos,765-696-3805,JoelTucker@gmail.com
217,Sandra Nelson,OL44 Adeyemo Alakija Street Lagos,262-127-6206,SandraNelson@gmail.com
218,Jennifer Turner,QR69 Oyin Jolayemi Street Lagos,360-281-3856,JenniferTurner@yahoo.com
219,Devon Thomas,AA38 Isaac John Street Lagos,375-200-2063,DevonThomas@gmail.com
220,Cody Morales,FJ87 Akin Adesola Street Lagos,624-985-7393,CodyMorales@yahoo.com
221,Amanda Williams,RB93 Awolowo Road Lagos,642-823-9409,AmandaWilliams@yahoo.com
222,Gabriel Brown,DI91 Alausa Secretariat Road Lagos,629-516-4431,GabrielBrown@yahoo.com
223,Norman French,NU60 Oba Akinjobi Street Lagos,147-656-5473,NormanFrench@gmail.com
224,Mary Booth,DN86 Oshodi Market Road Lagos,438-320-6518,MaryBooth@yahoo.com
225,Tasha Hayden,PU11 Surulere Way Lagos,122-161-6038,TashaHayden@yahoo.com
226,Amanda Peterson,BY9 Oshodi-Apapa Expressway Lagos,405-488-8323,AmandaPeterson@gmail.com
227,Justin Hurst,SH84 Akinwunmi Street Lagos,631-478-6358,JustinHurst@yahoo.com
228,John Mitchell,NI27 Murtala Muhammed Way Lagos,954-291-7022,JohnMitchell@gmail.com
229,Kathryn Curtis,WC48 Bode Thomas Street Lagos,479-164-8863,KathrynCurtis@yahoo.com
230,Jennifer Williams,BS70 Oba Akran Avenue Lagos,147-527-4425,JenniferWilliams@gmail.com
231,Cynthia Ward,TA88 Adekunle Fajuyi Way Lagos,916-354-9072,CynthiaWard@gmail.com
232,Erin Schmidt MD,UE8 Ikeja Along Road Lagos,707-287-5444,ErinSchmidtMD@gmail.com
233,Brian Gomez,ET55 Oba Akinjobi Street Lagos,978-605-9707,BrianGomez@yahoo.com
234,Alicia Bailey,BP95 Bourdillon Road Lagos,627-171-3351,AliciaBailey@yahoo.com
235,Michael Ramirez,FI60 Olusegun Obasanjo Way Lagos,894-202-5173,MichaelRamirez@yahoo.com
236,Michael Nguyen,DT30 Joel Ogunnaike Street Lagos,977-878-1500,MichaelNguyen@yahoo.com
237,Kevin Barron,HU43 Eric Moore Road Lagos,151-976-7932,KevinBarron@yahoo.com
238,Latoya Quinn,PR11 Obafemi Awolowo Road Lagos,910-353-1014,LatoyaQuinn@yahoo.com
239,Caroline Atkins,ET80 Agege Motor Road Lagos,168-838-5979,CarolineAtkins@yahoo.com
240,Jeanette Duke,QA50 Murtala Muhammed Way Lagos,865-153-9172,JeanetteDuke@yahoo.com
241,Todd Howard,PE17 Adegbola Street Lagos,226-942-2092,ToddHoward@yahoo.com
242,Lisa Collins,RP63 Oshodi-Apapa Expressway Lagos,810-181-5499,LisaCollins@yahoo.com
243,Mr. Kristopher Russo,YF57 Falomo Bridge Lagos,833-963-9615,Mr.KristopherRusso@yahoo.com
244,Patrick Hall,AN33 Idowu Taylor Street Lagos,735-984-3517,PatrickHall@yahoo.com
245,James Arellano,JF4 Gbagada Expressway Lagos,759-512-2798,JamesArellano@yahoo.com
246,Martin Vincent,EC12 Oregun Road Lagos,996-162-9979,MartinVincent@yahoo.com
247,Jessica Jensen,SP32 Ogunlana Drive Lagos,191-888-8672,JessicaJensen@gmail.com
248,David Beck,BT50 Aromire Avenue Lagos,519-877-8093,DavidBeck@yahoo.com
249,Vicki Ballard,ON81 Akinwunmi Street Lagos,895-839-2499,VickiBallard@gmail.com
250,Mary Clark,TX30 Apapa Road Lagos,799-410-7213,MaryClark@yahoo.com
251,Mario Herrera,UF1 Oshodi Market Road Lagos,324-777-1380,MarioHerrera@yahoo.com
252,David Cook,LU3 Oshodi-Apapa Expressway Lagos,727-983-5440,DavidCook@yahoo.com
253,Nicholas Smith,VU36 Oyin Jolayemi Street Lagos,304-318-6611,NicholasSmith@yahoo.com
254,Michael Hodges,IM91 Obafemi Awolowo Road Lagos,738-620-5449,MichaelHodges@gmail.com
255,Derek Bryant,GD74 Ojota Interchange Lagos,290-620-6885,DerekBryant@gmail.com
256,David Henry,LU40 Adelabu Street Lagos,559-155-4521,DavidHenry@yahoo.com
257,Desiree Weiss MD,MF99 Marina Street Lagos,928-911-9252,DesireeWeissMD@gmail.com
258,Lawrence Joseph,IH95 Eleganza Plaza Road Lagos,933-212-5178,LawrenceJoseph@yahoo.com
259,Patricia Garza,OK22 Freedom Park Road Lagos,478-444-9446,PatriciaGarza@yahoo.com
260,Alisha Woods,LW50 Oregun Road Lagos,747-618-4319,AlishaWoods@yahoo.com
261,Justin Valenzuela,NO37 Oba Akinjobi Street Lagos,216-574-4422,JustinValenzuela@gmail.com
262,Melissa Boone,CN73 Agege Motor Road Lagos,606-778-2751,MelissaBoone@gmail.com
263,Brianna Harris,MA3 Oshodi-Apapa Expressway Lagos,622-215-5436,BriannaHarris@gmail.com
264,Ryan Morales,YC2 Oba Akran Avenue Lagos,574-141-7332,RyanMorales@yahoo.com
265,Jack Callahan,RY7 Alhaji Masha Road Lagos,464-157-7077,JackCallahan@yahoo.com
266,Michael Porter,OV93 Broad Street Lagos,719-453-7528,MichaelPorter@yahoo.com
267,Andrew Ross,DA15 Ajao Road Lagos,919-377-3530,AndrewRoss@yahoo.com
268,Dr. Marcus Perez,PN13 Karimu Kotun Street Lagos,859-455-8016,Dr.MarcusPerez@yahoo.com
269,Tammy Martin,ON26 Victoria Island Lagos,877-634-8053,TammyMartin@gmail.com
270,Vanessa Beltran,VT84 Falomo Bridge Lagos,860-358-1698,VanessaBeltran@yahoo.com
271,Beth Small,BY7 Adelabu Street Lagos,826-311-7253,BethSmall@gmail.com
272,Christopher Brooks,EJ34 Western Avenue Lagos,656-566-7135,ChristopherBrooks@yahoo.com
273,Javier Shah,AB99 Oshodi-Apapa Expressway Lagos,406-108-5163,JavierShah@gmail.com
274,Kimberly Washington,WR98 Surulere Way Lagos,935-683-8416,KimberlyWashington@yahoo.com
275,Aaron Sanchez,ZB44 Karimu Kotun Street Lagos,469-247-2067,AaronSanchez@yahoo.com
276,Anthony Chambers,RL15 Idumagbo Avenue Lagos,742-747-3056,AnthonyChambers@yahoo.com
277,Miranda Barrett,GM8 New Market Road Lagos,821-897-2495,MirandaBarrett@yahoo.com
278,Sarah Parker,US69 Allen Avenue Lagos,859-555-3719,SarahParker@gmail.com
279,Brooke Morrow,VQ25 Awolowo Road Lagos,754-354-2226,BrookeMorrow@yahoo.com
280,Ricardo Cooper,YV63 Apongbon Road Lagos,972-411-2163,RicardoCooper@yahoo.com
281,Shelley Brown,PT43 Bode Thomas Street Lagos,579-148-9565,ShelleyBrown@gmail.com
282,Brian Dawson,TL16 Mobolaji Bank Anthony Way Lagos,792-383-6804,BrianDawson@gmail.com
283,James Clark,NX81 Lekki-Epe Expressway Lagos,308-807-2192,JamesClark@yahoo.com
284,David Campbell,AJ97 Creek Road Lagos,121-300-1232,DavidCampbell@gmail.com
285,Morgan Coffey,ES74 Okota Road Lagos,343-455-7253,MorganCoffey@yahoo.com
286,Monica Clark,TI23 Adegbola Street Lagos,991-613-2396,MonicaClark@gmail.com
287,Thomas Scott,XD3 Oba Akinjobi Street Lagos,533-982-6840,ThomasScott@gmail.com
288,Michele Green,QK25 Gbagada Expressway Lagos,652-512-8084,MicheleGreen@yahoo.com
289,Joseph Bryant,JI99 Marina Street Lagos,762-362-6461,JosephBryant@yahoo.com
290,Thomas Hodges,XS1 Oniru Beach Road Lagos,674-955-7471,ThomasHodges@yahoo.com
291,Troy Holland,BO13 Glover Road Lagos,993-341-4253,TroyHolland@yahoo.com
292,Troy Jones,KL45 Opebi Road Lagos,411-112-8148,TroyJones@gmail.com
293,Joshua Oliver,SO74 Olusegun Obasanjo Way Lagos,800-137-1799,JoshuaOliver@yahoo.com
294,Heidi Shields,TH11 Oshodi-Apapa Expressway Lagos,113-601-5522,HeidiShields@gmail.com
295,Lauren Williamson,GK22 Maryland Mall Road Lagos,874-511-5416,LaurenWilliamson@gmail.com
296,Angel King,OH48 Ikeja Along Road Lagos,380-574-1399,AngelKing@gmail.com
297,Stephanie Martin,XF46 Adelabu Street Lagos,644-594-2176,StephanieMartin@yahoo.com
298,Elizabeth Howell,CW50 Glover Road Lagos,939-939-2170,ElizabethHowell@yahoo.com
299,Robert Phillips,LW77 Idumagbo Avenue Lagos,505-877-6261,RobertPhillips@gmail.com
300,Donna White,WJ7 Adegbola Street Lagos,334-651-9512,DonnaWhite@yahoo.com
301,Ryan Sullivan,BF35 Eko Bridge Lagos,277-572-3979,RyanSullivan@yahoo.com
302,Brandon Harris,UQ66 Opebi Road Lagos,235-360-3379,BrandonHarris@yahoo.com
303,Kenneth Hernandez,QI68 Yaba Road Lagos,136-798-4215,KennethHernandez@gmail.com
304,William Navarro,NG40 Adeola Odeku Street Lagos,414-239-1220,WilliamNavarro@gmail.com
305,Christopher Johnston,RK68 Opebi Road Lagos,961-563-6453,ChristopherJohnston@yahoo.com
306,Andrea Perry,ZU92 Adeyemo Alakija Street Lagos,455-814-6095,AndreaPerry@gmail.com
307,John Rollins,HM39 Ojota Interchange Lagos,887-980-7370,JohnRollins@gmail.com
308,Briana Villa,OP93 Eric Moore Road Lagos,278-618-8747,BrianaVilla@yahoo.com
309,Charles Smith,SU75 Oregun Road Lagos,374-830-8524,CharlesSmith@gmail.com
310,Frank Gomez,DI59 Mobolaji Bank Anthony Way Lagos,314-405-8958,FrankGomez@yahoo.com
311,Carl Johnson,JD4 Iganmu Road Lagos,614-381-2655,CarlJohnson@gmail.com
312,Sara Gamble,JY19 Ogunlana Drive Lagos,406-161-3339,SaraGamble@gmail.com
313,Austin Harris,VB59 Awolowo Way Lagos,613-145-4098,AustinHarris@gmail.com
314,Erika Lewis,GF6 Ijaye Road Lagos,461-942-6676,ErikaLewis@yahoo.com
315,Anita Walters,AR17 Joel Ogunnaike Street Lagos,121-454-5019,AnitaWalters@gmail.com
316,James Santos,SW51 Apapa Road Lagos,696-396-2443,JamesSantos@yahoo.com
317,Joshua Salinas,VJ92 Joel Ogunnaike Street Lagos,241-594-2345,JoshuaSalinas@gmail.com
318,Rhonda Jacobson,FT30 Toyin Street Lagos,732-824-7976,RhondaJacobson@gmail.com
319,Thomas Francis,TM93 Oregun Road Lagos,310-468-8168,ThomasFrancis@yahoo.com
320,Janice Maldonado,DC93 Ijora Causeway Lagos,867-158-4333,JaniceMaldonado@yahoo.com
321,Brittany Williams,VC42 Apongbon Road Lagos,797-710-6199,BrittanyWilliams@yahoo.com
322,Randall Martin,DY96 Oba Akran Avenue Lagos,239-660-6561,RandallMartin@gmail.com
323,Michael Fields,VD50 Oniru Road Lagos,683-267-9419,MichaelFields@yahoo.com
324,Randy Miller,QB22 Adeola Odeku Street Lagos,632-376-2870,RandyMiller@gmail.com
325,Shawn Pruitt,BF61 Ago Palace Way Lagos,534-351-9827,ShawnPruitt@gmail.com
326,Scott Johnson,FD28 Alhaji Masha Road Lagos,968-649-6076,ScottJohnson@gmail.com
327,Erik Dominguez,JM88 Ahmadu Bello Way Lagos,339-849-5670,ErikDominguez@gmail.com
328,Donna Roberts,HN45 Gbagada Expressway Lagos,662-618-8932,DonnaRoberts@gmail.com
329,Mrs. Mackenzie Smith DVM,IC67 Gbagada Expressway Lagos,825-227-2369,Mrs.MackenzieSmithDVM@yahoo.com
330,Lori White,KK48 Bishop Oluwole Street Lagos,717-549-2249,LoriWhite@yahoo.com
331,Melissa Brewer,ME51 Ogunlana Drive Lagos,775-102-4839,MelissaBrewer@yahoo.com
332,Lauren Stokes,IF91 Herbert Macaulay Way Lagos,464-214-7386,LaurenStokes@gmail.com
333,Sean Gilmore,TT63 Ojuelegba Road Lagos,397-984-2720,SeanGilmore@gmail.com
334,Daniel Russell,AF1 Ago Palace Way Lagos,580-330-7284,DanielRussell@yahoo.com
335,Jordan Kramer,ZC31 Ligali Ayorinde Street Lagos,720-940-5976,JordanKramer@gmail.com
336,Dr. Kristine Kennedy DDS,SU53 Epe Road Lagos,692-380-1378,Dr.KristineKennedyDDS@yahoo.com
337,Juan Brown,IZ54 Opebi Road Lagos,985-105-1602,JuanBrown@yahoo.com
338,Dr. Robert Lopez,SE20 Adeyemo Alakija Street Lagos,956-705-2775,Dr.RobertLopez@gmail.com
339,Amber Griffin,UM37 Oniru Beach Road Lagos,939-465-1526,AmberGriffin@yahoo.com
340,Donna Hahn,CY35 Western Avenue Lagos,486-247-7954,DonnaHahn@gmail.com
341,Mr. Peter Mccoy DDS,AE54 Toyin Street Lagos,472-902-9708,Mr.PeterMccoyDDS@gmail.com
342,Rachel Reyes,NJ84 Oniru Beach Road Lagos,269-649-2978,RachelReyes@gmail.com
343,Emily Young,BD93 Awolowo Way Lagos,575-974-9593,EmilyYoung@yahoo.com
344,Jose Kelley,OO61 New Market Road Lagos,559-283-5794,JoseKelley@yahoo.com
345,Hannah Tucker,XU68 Oba Akran Avenue Lagos,350-333-5648,HannahTucker@yahoo.com
346,Michael Mcconnell,UG23 Obafemi Awolowo Way Lagos,397-514-1254,MichaelMcconnell@gmail.com
347,Dana Adams,QV38 Oba Akinjobi Street Lagos,985-839-8088,DanaAdams@yahoo.com
348,Edward Wells,YE43 Ajao Road Lagos,203-963-1671,EdwardWells@gmail.com
349,Christopher Brown,QW39 Adetokunbo Ademola Street Lagos,208-543-5737,ChristopherBrown@gmail.com
350,Andrea Nelson,LQ64 Adeniyi Jones Avenue Lagos,323-383-9237,AndreaNelson@gmail.com
351,Daisy Boyd,HA72 Olusegun Obasanjo Way Lagos,895-731-8394,DaisyBoyd@yahoo.com
352,Kimberly Mcmahon,WZ79 Glover Road Lagos,616-694-5187,KimberlyMcmahon@yahoo.com
353,Angela Davis,CT96 Opebi Road Lagos,762-871-2419,AngelaDavis@yahoo.com
354,Pam Taylor,LY4 Oba Akinjobi Street Lagos,957-673-4327,PamTaylor@gmail.com
355,Brian Freeman II,AE96 Ajao Road Lagos,204-486-1187,BrianFreemanII@gmail.com
356,Michael Hill,BJ6 Oshodi-Apapa Expressway Lagos,663-611-7452,MichaelHill@gmail.com
357,Jeremy Jensen,DI68 Akerele Street Lagos,324-229-9787,JeremyJensen@gmail.com
358,Raymond Williams,IK19 Adeniran Ogunsanya Street Lagos,329-425-6398,RaymondWilliams@gmail.com
359,Connie Meyer,KR100 Apapa Road Lagos,151-603-2729,ConnieMeyer@yahoo.com
360,Matthew Hendrix,SA9 Eleganza Plaza Road Lagos,667-786-5105,MatthewHendrix@yahoo.com
361,Anita Cisneros,BT4 Bourdillon Road Lagos,510-914-9025,AnitaCisneros@yahoo.com
362,Tyler Curry,QB10 Ajao Road Lagos,167-273-9005,TylerCurry@gmail.com
363,Adam Diaz,EQ10 Marina Street Lagos,863-913-5643,AdamDiaz@gmail.com
364,Christopher Whitaker,XE46 Akerele Street Lagos,935-368-7943,ChristopherWhitaker@yahoo.com
365,Ryan Mcdonald,MG41 Ajao Road Lagos,976-978-9502,RyanMcdonald@gmail.com
366,Stephen Brown,SZ31 Adelabu Street Lagos,152-222-1049,StephenBrown@yahoo.com
367,Stephen Wilson,VB61 Babs Animashaun Road Lagos,157-807-8455,StephenWilson@gmail.com
368,Emily Castaneda,LP64 Oniru Road Lagos,794-338-4519,EmilyCastaneda@gmail.com
369,Kelly Weiss,VB30 Bourdillon Road Lagos,214-989-1868,KellyWeiss@gmail.com
370,Ricky Anthony,YW47 Oyin Jolayemi Street Lagos,376-207-1821,RickyAnthony@gmail.com
371,Cynthia Mitchell,MV89 Adeniran Ogunsanya Street Lagos,799-324-6845,CynthiaMitchell@yahoo.com
372,Natalie Martinez,GH81 Idumagbo Avenue Lagos,153-993-5810,NatalieMartinez@gmail.com
373,Cassandra Carr,EY63 Ojuelegba Road Lagos,384-744-8212,CassandraCarr@yahoo.com
374,Sarah Crawford,JC49 Ojuelegba Road Lagos,795-236-7264,SarahCrawford@yahoo.com
375,Mark Wagner,QP38 Oduduwa Crescent Lagos,729-278-2308,MarkWagner@yahoo.com
376,Samantha Cole,AX96 Oba Akran Avenue Lagos,619-777-2340,SamanthaCole@gmail.com
377,Nicole Schwartz,NM72 Western Avenue Lagos,728-382-3672,NicoleSchwartz@gmail.com
378,Holly York,GQ17 College Road Lagos,852-998-5849,HollyYork@yahoo.com
379,Alicia Cochran,NB69 Adegbola Street Lagos,683-886-5795,AliciaCochran@gmail.com
380,Patrick Obrien,UT2 Awolowo Way Lagos,479-944-6775,PatrickObrien@gmail.com
381,Alexander Johnston,XB47 Oniru Road Lagos,368-512-6798,AlexanderJohnston@yahoo.com
382,Joe Dorsey,FA76 Glover Road Lagos,926-618-2765,JoeDorsey@gmail.com
383,Kimberly Allen,QY87 Yaba Road Lagos,826-644-7028,KimberlyAllen@gmail.com
384,Alex Morgan,OX47 Olusegun Obasanjo Way Lagos,989-665-4984,AlexMorgan@yahoo.com
385,David Anderson,EF72 Alausa Secretariat Road Lagos,782-118-7443,DavidAnderson@gmail.com
386,Deborah Ayala,NL7 Maryland Mall Road Lagos,730-784-5522,DeborahAyala@yahoo.com
387,Dorothy Lewis,ZD81 Awolowo Way Lagos,246-244-2028,DorothyLewis@yahoo.com
388,Joy Smith,SQ10 Olusegun Obasanjo Way Lagos,704-493-1427,JoySmith@gmail.com
389,John Phillips,KW94 Ikeja Along Road Lagos,393-844-3526,JohnPhillips@gmail.com
390,Brian Martin,KL1 Okota Road Lagos,484-699-3778,BrianMartin@gmail.com
391,Edward Valentine,PW16 Adeola Odeku Street Lagos,609-477-4695,EdwardValentine@gmail.com
392,Emily Nguyen,VK51 Akin Adesola Street Lagos,865-356-9056,EmilyNguyen@yahoo.com
393,Marissa Rios,JZ74 Ahmadu Bello Way Lagos,713-618-6802,MarissaRios@gmail.com
394,Eileen Cooper,UB3 Toyin Street Lagos,598-983-4289,EileenCooper@yahoo.com
395,Raymond Harris,JI77 Epe Road Lagos,797-128-9202,RaymondHarris@yahoo.com
396,John Moody,AK60 Broad Street Lagos,180-208-2791,JohnMoody@yahoo.com
397,Jose Contreras,AQ21 Akin Adesola Street Lagos,210-862-7552,JoseContreras@yahoo.com
398,Christopher Garcia,DY56 Ikeja Along Road Lagos,940-424-8664,ChristopherGarcia@gmail.com
399,Daniel Bell,GA7 Allen Avenue Lagos,895-366-2009,DanielBell@gmail.com
400,Shawn Campos,KG84 Agege Motor Road Lagos,283-107-1723,ShawnCampos@gmail.com
401,Mary Caldwell DVM,GJ8 Victoria Island Lagos,776-902-7772,MaryCaldwellDVM@yahoo.com
402,Kristen Meadows,RH35 Ajose Adeogun Street Lagos,438-399-3827,KristenMeadows@gmail.com
403,Mrs. Jennifer Garcia,VH36 College Road Lagos,101-556-9337,Mrs.JenniferGarcia@gmail.com
404,Joseph Archer,FM77 Alhaji Masha Road Lagos,329-712-7191,JosephArcher@yahoo.com
405,Vernon Hicks,WY95 Aromire Avenue Lagos,282-870-6692,VernonHicks@yahoo.com
406,Brittany Rivera,LJ33 Eko Bridge Lagos,735-649-6115,BrittanyRivera@yahoo.com
407,Kenneth Davis,FF79 Akin Adesola Street Lagos,339-928-1605,KennethDavis@yahoo.com
408,David Anderson Jr.,OU11 Adegbola Street Lagos,432-764-4859,DavidAndersonJr.@gmail.com
409,Philip Vega,WV85 Karimu Kotun Street Lagos,802-317-4194,PhilipVega@yahoo.com
410,Alexis Roberts Jr.,NC79 Apapa Road Lagos,226-487-9831,AlexisRobertsJr.@yahoo.com
411,Stephanie Bates,QT98 Apapa Road Lagos,202-833-4499,StephanieBates@yahoo.com
412,Kelsey Martinez,HX69 Maryland Mall Road Lagos,602-154-4357,KelseyMartinez@yahoo.com
413,Kristen Davis,GG86 Epe Road Lagos,787-272-7206,KristenDavis@yahoo.com
414,Kathryn Hoffman,WX7 Babs Animashaun Road Lagos,672-989-3470,KathrynHoffman@yahoo.com
415,David Allen,IZ70 Creek Road Lagos,236-786-1289,DavidAllen@yahoo.com
416,Jay Mason,JG54 Ago Palace Way Lagos,436-505-6492,JayMason@yahoo.com
417,Mary Rodriguez,WK7 Oniru Beach Road Lagos,868-510-9082,MaryRodriguez@yahoo.com
418,Monica Lowe,MV34 Lekki-Epe Expressway Lagos,380-180-6729,MonicaLowe@yahoo.com
419,Karen Jones,DA80 Bourdillon Road Lagos,622-806-6713,KarenJones@yahoo.com
420,Daniel Pena,TW62 Ojuelegba Road Lagos,652-496-6683,DanielPena@yahoo.com
421,Kristin Sanchez,EF59 Falomo Bridge Lagos,976-923-4624,KristinSanchez@gmail.com
422,Monica Lowe,MK30 Oniru Beach Road Lagos,568-795-2817,MonicaLowe@gmail.com
423,Annette Hawkins,AC52 Allen Avenue Lagos,465-786-6569,AnnetteHawkins@gmail.com
424,Emily Benson,WJ36 Isaac John Street Lagos,369-652-2521,EmilyBenson@gmail.com
425,Lisa Dixon,MF74 Ojuelegba Road Lagos,758-882-9309,LisaDixon@yahoo.com
426,Sharon Shields,BE33 Adeyemo Alakija Street Lagos,277-225-3586,SharonShields@gmail.com
427,Randy Carter,VP49 Epe Road Lagos,892-659-6933,RandyCarter@yahoo.com
428,James Kirk,XK63 Awolowo Way Lagos,559-665-5063,JamesKirk@yahoo.com
429,April Robinson,IK78 Ojuelegba Road Lagos,110-319-3225,AprilRobinson@yahoo.com
430,Amanda Leon,BJ80 Adegbola Street Lagos,315-629-9014,AmandaLeon@gmail.com
431,Michael Hughes,XQ49 Karimu Kotun Street Lagos,750-585-4482,MichaelHughes@gmail.com
432,Maria Hill,SO90 Akerele Street Lagos,298-818-9414,MariaHill@gmail.com
433,Ethan Johnson,VT23 Awolowo Way Lagos,288-390-9445,EthanJohnson@gmail.com
434,Amanda Peters,ZX97 Bishop Oluwole Street Lagos,861-978-8294,AmandaPeters@yahoo.com
435,Christopher Young,GR15 Isaac John Street Lagos,933-421-8632,ChristopherYoung@gmail.com
436,Jade Tran,EM82 College Road Lagos,399-408-2964,JadeTran@yahoo.com
437,Kathryn Anthony,YH53 Lekki-Epe Expressway Lagos,381-738-5577,KathrynAnthony@gmail.com
438,Laurie Buchanan,CI12 Adeyemo Alakija Street Lagos,147-754-5357,LaurieBuchanan@gmail.com
439,Nicole Nguyen,UL66 Awolowo Way Lagos,635-752-3029,NicoleNguyen@gmail.com
440,Mark Johnson,DE13 Karimu Kotun Street Lagos,578-640-8002,MarkJohnson@yahoo.com
441,David Buchanan,TT75 Adegbola Street Lagos,376-229-5094,DavidBuchanan@gmail.com
442,Todd Gates,PB63 Agege Motor Road Lagos,491-856-2756,ToddGates@yahoo.com
443,Edward Conley,QX33 College Road Lagos,997-141-7792,EdwardConley@yahoo.com
444,Stephanie Martin,DA59 Okota Road Lagos,440-367-6595,StephanieMartin@gmail.com
445,Stephanie Walton,IX32 Adeola Odeku Street Lagos,838-897-9853,StephanieWalton@gmail.com
446,Jeffrey Davis,WO86 Surulere Way Lagos,407-118-9744,JeffreyDavis@yahoo.com
447,Felicia Hayes,JK88 College Road Lagos,373-674-8650,FeliciaHayes@yahoo.com
448,Edward Smith,SQ93 Ikorodu Road Lagos,105-372-4940,EdwardSmith@gmail.com
449,Janice Mccoy,UO65 Ijaye Road Lagos,492-730-6854,JaniceMccoy@yahoo.com
450,Anthony Long,YP2 Opebi Road Lagos,114-462-9552,AnthonyLong@yahoo.com
451,Walter Christian,VL92 Creek Road Lagos,682-683-2439,WalterChristian@yahoo.com
452,Michael Durham,OV38 Ikeja Along Road Lagos,147-270-1997,MichaelDurham@gmail.com
453,David Torres,VS57 Akerele Street Lagos,610-411-7759,DavidTorres@yahoo.com
454,Heather Whitehead,VJ65 Broad Street Lagos,629-543-8018,HeatherWhitehead@gmail.com
455,Marcus Smith,AW19 Creek Road Lagos,838-501-4797,MarcusSmith@gmail.com
456,Andrew Torres,SW16 Marina Street Lagos,111-894-9720,AndrewTorres@yahoo.com
457,Lindsay Lamb,OD71 Ahmadu Bello Way Lagos,102-798-6563,LindsayLamb@gmail.com
458,Tyler Valdez,VG88 Ligali Ayorinde Street Lagos,915-874-7259,TylerValdez@yahoo.com
459,Vernon Powell,EY11 Bishop Oluwole Street Lagos,310-586-9617,VernonPowell@yahoo.com
460,Mr. Anthony Arnold DDS,MR64 Joel Ogunnaike Street Lagos,253-935-5304,Mr.AnthonyArnoldDDS@yahoo.com
461,Desiree Ray,DM6 Yaba Road Lagos,415-559-9340,DesireeRay@yahoo.com
462,Kelly Thomas,IF73 Allen Avenue Lagos,910-613-8936,KellyThomas@yahoo.com
463,Thomas Martin MD,AW97 Okota Road Lagos,583-330-2761,ThomasMartinMD@yahoo.com
464,Joshua Hansen,AL68 Joel Ogunnaike Street Lagos,157-109-8148,JoshuaHansen@gmail.com
465,Brenda Ellis,AQ14 Adetokunbo Ademola Street Lagos,792-405-2141,BrendaEllis@gmail.com
466,Nancy Lewis,ZG85 Olusegun Obasanjo Way Lagos,955-455-2075,NancyLewis@yahoo.com
467,Holly Bruce,VV56 Ogunlana Drive Lagos,175-584-5333,HollyBruce@gmail.com
468,Larry Torres,VX28 Eleganza Plaza Road Lagos,243-609-7054,LarryTorres@yahoo.com
469,Robert Clark,YU1 Isaac John Street Lagos,724-328-6256,RobertClark@gmail.com
470,Timothy Nelson DVM,LS74 Alausa Secretariat Road Lagos,341-623-9129,TimothyNelsonDVM@yahoo.com
471,Karen Reyes MD,AZ55 Oshodi Market Road Lagos,117-209-7033,KarenReyesMD@gmail.com
472,Deborah Mitchell,VC12 Ijaye Road Lagos,414-844-3265,DeborahMitchell@gmail.com
473,Matthew Collier,XC18 G.R.A. Ikeja Lagos,867-424-9995,MatthewCollier@gmail.com
474,Elizabeth Gibson,RH83 Agege Motor Road Lagos,937-734-7786,ElizabethGibson@gmail.com
475,Melinda Nelson,AK22 Alhaji Masha Road Lagos,223-288-1408,MelindaNelson@yahoo.com
476,John Brown,HN70 Glover Road Lagos,719-166-9516,JohnBrown@yahoo.com
477,Tammy Smith,DV46 Okota Road Lagos,985-440-5925,TammySmith@gmail.com
478,Jasmin Wallace,JA93 Apapa Road Lagos,498-295-6218,JasminWallace@yahoo.com
479,Luke Roberts,HH20 Toyin Street Lagos,458-855-6606,LukeRoberts@gmail.com
480,Austin Collier,JZ39 Karimu Kotun Street Lagos,167-466-7919,AustinCollier@yahoo.com
481,Tracy Ray,LX58 Murtala Muhammed Way Lagos,387-553-6224,TracyRay@yahoo.com
482,Alexandra Gonzalez,AX98 Creek Road Lagos,251-909-2869,AlexandraGonzalez@gmail.com
483,Michael Brennan,MA4 Adeniyi Jones Avenue Lagos,798-730-1760,MichaelBrennan@yahoo.com
484,William Jones,XB73 Adetokunbo Ademola Street Lagos,102-570-6757,WilliamJones@yahoo.com
485,Michelle Ramirez,VZ32 Adeyemo Alakija Street Lagos,172-659-2974,MichelleRamirez@gmail.com
486,Jacqueline Morris,ZA60 Oyin Jolayemi Street Lagos,701-372-6474,JacquelineMorris@gmail.com
487,Christopher Hampton,KZ27 Apongbon Road Lagos,613-652-6395,ChristopherHampton@gmail.com
488,Grace Henry,YF67 Adeniyi Jones Avenue Lagos,863-773-5773,GraceHenry@gmail.com
489,Timothy Richardson,OA59 Akin Adesola Street Lagos,830-365-2019,TimothyRichardson@gmail.com
490,Kimberly Delgado,OV71 Babs Animashaun Road Lagos,324-112-5779,KimberlyDelgado@yahoo.com
491,Sandra Galvan,LN62 Eleganza Plaza Road Lagos,115-118-4707,SandraGalvan@gmail.com
492,Samantha Warren,CN57 Ligali Ayorinde Street Lagos,555-864-8292,SamanthaWarren@yahoo.com
493,Terry Smith,VH13 Toyin Street Lagos,148-173-5131,TerrySmith@yahoo.com
494,Christopher Blackburn,AI100 Adeyemo Alakija Street Lagos,988-233-5798,ChristopherBlackburn@gmail.com
495,Thomas Reed,OP56 Awolowo Way Lagos,741-429-4232,ThomasReed@yahoo.com
496,Nicholas Nguyen,TY95 Adetokunbo Ademola Street Lagos,167-188-1032,NicholasNguyen@yahoo.com
497,Adam Young,KK89 Ojuelegba Road Lagos,365-321-4809,AdamYoung@gmail.com
498,Michael Huerta,KW29 Ajao Road Lagos,317-336-7985,MichaelHuerta@yahoo.com
499,Theresa Harrison,OM80 Agege Motor Road Lagos,813-171-9748,TheresaHarrison@gmail.com
500,Charles Rush,LY16 Karimu Kotun Street Lagos,578-878-7938,CharlesRush@yahoo.com
501,Christian Rogers,GJ87 Obafemi Awolowo Way Lagos,493-802-9071,ChristianRogers@yahoo.com
502,Nicole Valenzuela,JS34 Adeyemo Alakija Street Lagos,148-274-5444,NicoleValenzuela@yahoo.com
503,Jessica Johnston,BC72 Ajao Road Lagos,194-719-1166,JessicaJohnston@gmail.com
504,Diana Dodson,NR17 Ojota Interchange Lagos,998-772-4313,DianaDodson@gmail.com
505,Emily Simmons,JS69 Falomo Bridge Lagos,900-832-4358,EmilySimmons@yahoo.com
506,Keith Johnson,GN89 Falomo Bridge Lagos,728-105-4216,KeithJohnson@gmail.com
507,Lindsey Gillespie,GH35 G.R.A. Ikeja Lagos,367-766-2544,LindseyGillespie@gmail.com
508,Paul Hernandez,QF5 Toyin Street Lagos,510-917-8245,PaulHernandez@yahoo.com
509,Linda Kidd DDS,YK98 Ahmadu Bello Way Lagos,130-145-4757,LindaKiddDDS@yahoo.com
510,Destiny Burns,LV49 Oniru Beach Road Lagos,878-396-2981,DestinyBurns@yahoo.com
511,Christopher Howard,JI23 Alausa Secretariat Road Lagos,904-186-7416,ChristopherHoward@gmail.com
512,Roberto Williams,OF42 Ikorodu Road Lagos,824-677-5806,RobertoWilliams@gmail.com
513,Hannah Ball,WS27 Idowu Taylor Street Lagos,208-369-9628,HannahBall@yahoo.com
514,Anthony Jones,DY94 Oshodi-Apapa Expressway Lagos,983-864-1366,AnthonyJones@yahoo.com
515,Trevor Baker,BD71 Awolowo Way Lagos,799-848-1046,TrevorBaker@yahoo.com
516,James Nguyen,JL73 Eric Moore Road Lagos,453-619-9775,JamesNguyen@yahoo.com
517,Scott Blackwell,LG100 Oyin Jolayemi Street Lagos,253-210-6310,ScottBlackwell@gmail.com
518,Rita Holt MD,XY99 Joel Ogunnaike Street Lagos,537-357-9173,RitaHoltMD@gmail.com
519,Sydney Jefferson,NE85 Aromire Avenue Lagos,529-520-8903,SydneyJefferson@gmail.com
520,Pamela Hickman,ZY15 Freedom Park Road Lagos,105-846-7076,PamelaHickman@yahoo.com
521,Albert Wong,BP43 Glover Road Lagos,263-174-5645,AlbertWong@yahoo.com
522,Jack Hughes,CL85 Broad Street Lagos,304-413-5360,JackHughes@yahoo.com
523,Denise Davis,GP77 Agege Motor Road Lagos,389-535-8827,DeniseDavis@yahoo.com
524,Wanda Fisher,LG20 Adetokunbo Ademola Street Lagos,483-870-2146,WandaFisher@gmail.com
525,Larry Wright,IW67 Bode Thomas Street Lagos,536-552-6751,LarryWright@yahoo.com
526,Pamela Hampton,NK35 Bishop Oluwole Street Lagos,214-899-1560,PamelaHampton@yahoo.com
527,Tammy Gibbs,ZK24 Apapa Road Lagos,154-178-6198,TammyGibbs@gmail.com
528,Susan Valencia,TD70 Bourdillon Road Lagos,661-357-5799,SusanValencia@gmail.com
529,Ashley Collins,KF50 Surulere Way Lagos,980-485-1744,AshleyCollins@gmail.com
530,Michael Cox,HB32 College Road Lagos,255-925-6069,MichaelCox@gmail.com
531,Shelly Campbell,QF40 Obafemi Awolowo Way Lagos,411-830-8685,ShellyCampbell@gmail.com
532,Ryan Berry,DE21 Ojota Interchange Lagos,688-575-5734,RyanBerry@gmail.com
533,Ryan Wilson,RS48 Isaac John Street Lagos,847-419-5530,RyanWilson@gmail.com
534,Katherine Rocha,IE62 Adeyemo Alakija Street Lagos,587-105-1850,KatherineRocha@yahoo.com
535,Marcia Fleming,EY53 Yaba Road Lagos,574-904-7011,MarciaFleming@gmail.com
536,Lisa Estrada,XE22 Idumagbo Avenue Lagos,580-157-9251,LisaEstrada@gmail.com
537,Joseph Freeman,XB11 Broad Street Lagos,368-547-4752,JosephFreeman@yahoo.com
538,Stephen Brown,LZ38 New Market Road Lagos,169-398-7118,StephenBrown@gmail.com
539,Grace Cruz,HS31 Awolowo Way Lagos,245-101-2211,GraceCruz@gmail.com
540,Brent Howe,NI24 Obafemi Awolowo Way Lagos,412-944-9255,BrentHowe@gmail.com
541,Joshua Thompson,BL7 Ahmadu Bello Way Lagos,761-753-1256,JoshuaThompson@yahoo.com
542,Gabriel Maldonado,SQ31 Agege Motor Road Lagos,927-615-1102,GabrielMaldonado@gmail.com
543,Haley Vance,QR61 Oshodi-Apapa Expressway Lagos,684-105-5133,HaleyVance@yahoo.com
544,James Young,TA77 Apapa Road Lagos,140-848-6984,JamesYoung@gmail.com
545,Destiny Lynch,PJ87 Ogunlana Drive Lagos,141-115-1570,DestinyLynch@gmail.com
546,Amber Walters,MQ21 Adetokunbo Ademola Street Lagos,944-116-9166,AmberWalters@yahoo.com
547,Evan Bryant,KJ94 Yaba Road Lagos,373-857-4344,EvanBryant@yahoo.com
548,Lori Davis,OV47 Ajao Road Lagos,633-980-4143,LoriDavis@gmail.com
549,Kara Butler,ET68 Simbiat Abiola Road Lagos,140-455-3004,KaraButler@yahoo.com
550,Richard Jones,ZL34 Ago Palace Way Lagos,251-241-3920,RichardJones@yahoo.com
551,Jose Watson,OC67 Obafemi Awolowo Way Lagos,184-719-2130,JoseWatson@gmail.com
552,Jane Coleman,EQ15 Olusegun Obasanjo Way Lagos,961-196-5327,JaneColeman@gmail.com
553,William Nelson,LE50 Herbert Macaulay Way Lagos,214-870-1847,WilliamNelson@yahoo.com
554,Renee Thompson,VZ35 Ajao Road Lagos,506-108-5554,ReneeThompson@yahoo.com
555,Martin Daniel,AW86 Simbiat Abiola Road Lagos,475-952-1712,MartinDaniel@gmail.com
556,Daniel Lee,KV54 Apongbon Road Lagos,523-618-3528,DanielLee@gmail.com
557,Bradley Duran,GU10 Ago Palace Way Lagos,957-342-9151,BradleyDuran@gmail.com
558,Russell Murphy,IX22 Idumagbo Avenue Lagos,604-855-2247,RussellMurphy@gmail.com
559,Gabrielle Chapman,HK39 Eleganza Plaza Road Lagos,209-900-3018,GabrielleChapman@yahoo.com
560,John Rodriguez MD,NE95 Oba Akran Avenue Lagos,557-518-1696,JohnRodriguezMD@gmail.com
561,Christine Mata,SN14 Ijaye Road Lagos,669-868-6625,ChristineMata@yahoo.com
562,Michele Hunter,XF51 Oniru Road Lagos,224-473-8400,MicheleHunter@yahoo.com
563,Noah Thomas,PX76 Aromire Avenue Lagos,633-477-7936,NoahThomas@yahoo.com
564,Melissa Bishop,PW92 Marina Street Lagos,877-268-6940,MelissaBishop@gmail.com
565,Taylor Robles,TS7 Karimu Kotun Street Lagos,819-526-4194,TaylorRobles@gmail.com
566,William Morris,TA48 Lekki-Epe Expressway Lagos,697-498-2735,WilliamMorris@yahoo.com
567,Gloria Lee,NI73 G.R.A. Ikeja Lagos,229-116-9671,GloriaLee@yahoo.com
568,Kristine Jones,EE23 Mobolaji Bank Anthony Way Lagos,182-396-2882,KristineJones@yahoo.com
569,Jennifer Fox,NT4 Idowu Taylor Street Lagos,909-781-5345,JenniferFox@gmail.com
570,Gregory Hinton,CZ26 Toyin Street Lagos,811-135-7600,GregoryHinton@yahoo.com
571,Thomas Burke,CY67 Obafemi Awolowo Road Lagos,129-958-7624,ThomasBurke@yahoo.com
572,Jared Flores,NR90 Ijora Causeway Lagos,343-707-7685,JaredFlores@yahoo.com
573,Jeffrey Logan,EC46 Obafemi Awolowo Road Lagos,887-422-2112,JeffreyLogan@gmail.com
574,James Martinez MD,NW54 Oba Akinjobi Street Lagos,671-927-5667,JamesMartinezMD@yahoo.com
575,Rachel Fuller,TY56 College Road Lagos,818-651-6617,RachelFuller@yahoo.com
576,Nicholas Price,EJ43 Apongbon Road Lagos,734-254-7231,NicholasPrice@gmail.com
577,James Day,HH5 Creek Road Lagos,440-980-4274,JamesDay@gmail.com
578,Sara Woods,JV25 Oniru Road Lagos,138-916-6457,SaraWoods@gmail.com
579,Brianna Morales,FM20 Yaba Road Lagos,760-222-5082,BriannaMorales@gmail.com
580,Bryan Davidson PhD,PM1 Alhaji Masha Road Lagos,950-853-4877,BryanDavidsonPhD@gmail.com
581,Joanna Smith,WC69 Western Avenue Lagos,755-791-6971,JoannaSmith@yahoo.com
582,Joseph Hanson,NN87 Ajose Adeogun Street Lagos,110-997-8059,JosephHanson@yahoo.com
583,Shelby Russell,KT13 Herbert Macaulay Way Lagos,999-420-7111,ShelbyRussell@gmail.com
584,Karen Watson,GS68 Ojota Interchange Lagos,509-589-2063,KarenWatson@gmail.com
585,Dustin Shelton,CM75 Idowu Taylor Street Lagos,858-613-3902,DustinShelton@yahoo.com
586,John Smith,BJ43 Yaba Road Lagos,411-184-7973,JohnSmith@yahoo.com
587,Jeffrey Schwartz,HZ69 Murtala Muhammed Way Lagos,705-413-7048,JeffreySchwartz@gmail.com
588,Kathryn Medina,LI2 Bode Thomas Street Lagos,315-822-9727,KathrynMedina@gmail.com
589,Michael Howard,WP81 Herbert Macaulay Way Lagos,394-638-8434,MichaelHoward@yahoo.com
590,Karen Carson,ZC85 Aromire Avenue Lagos,383-844-1079,KarenCarson@yahoo.com
591,Daniel Clark,UA77 Surulere Way Lagos,225-211-9125,DanielClark@yahoo.com
592,Eric Underwood,GN96 Creek Road Lagos,579-124-9633,EricUnderwood@gmail.com
593,Laura Burnett,WL58 Bode Thomas Street Lagos,999-352-1506,LauraBurnett@yahoo.com
594,Jonathon Estrada,DH53 Allen Avenue Lagos,333-384-4512,JonathonEstrada@yahoo.com
595,Jody Mack,KF5 New Market Road Lagos,793-549-5593,JodyMack@yahoo.com
596,Christopher Gutierrez,RJ28 Broad Street Lagos,434-765-8296,ChristopherGutierrez@yahoo.com
597,Morgan Roberts,YP21 Iganmu Road Lagos,961-971-8683,MorganRoberts@yahoo.com
598,Nicholas Hernandez,JW93 Obafemi Awolowo Way Lagos,321-760-5035,NicholasHernandez@yahoo.com
599,Billy Diaz,FT2 Ago Palace Way Lagos,354-689-8184,BillyDiaz@yahoo.com
600,Gregory Valenzuela,UX97 Adeola Odeku Street Lagos,528-800-7599,GregoryValenzuela@gmail.com
601,Matthew Knox,SZ87 Ojota Interchange Lagos,210-688-2619,MatthewKnox@yahoo.com
602,Mark Brooks,WL24 Broad Street Lagos,371-309-7322,MarkBrooks@yahoo.com
603,Shannon Beltran,ST45 Epe Road Lagos,184-848-9601,ShannonBeltran@yahoo.com
604,Todd Carr,EI92 Epe Road Lagos,803-341-1430,ToddCarr@gmail.com
605,Daniel Jenkins,NQ99 Oniru Road Lagos,916-362-4809,DanielJenkins@gmail.com
606,Amanda Kelly,WN9 Obafemi Awolowo Road Lagos,210-329-7749,AmandaKelly@gmail.com
607,Annette Johnson,UX31 Aromire Avenue Lagos,952-885-3566,AnnetteJohnson@gmail.com
608,Brian Henderson,DY47 Obafemi Awolowo Way Lagos,611-904-3268,BrianHenderson@gmail.com
609,Todd Underwood,VA51 Ijaye Road Lagos,701-989-8495,ToddUnderwood@gmail.com
610,Melissa Flores,AY98 Toyin Street Lagos,361-626-8658,MelissaFlores@yahoo.com
611,Shannon Choi,KY16 Yaba Road Lagos,239-596-3173,ShannonChoi@yahoo.com
612,Brandon Wright,ZY44 Idumagbo Avenue Lagos,273-833-4314,BrandonWright@gmail.com
613,Michelle Baxter,WH19 Herbert Macaulay Way Lagos,394-385-9135,MichelleBaxter@yahoo.com
614,Joshua Lane Jr.,OW65 Broad Street Lagos,376-584-7668,JoshuaLaneJr.@yahoo.com
615,Barbara Ross,GX4 Adetokunbo Ademola Street Lagos,331-365-9027,BarbaraRoss@gmail.com
616,Andrew Cunningham,TQ61 Mobolaji Bank Anthony Way Lagos,752-666-2670,AndrewCunningham@yahoo.com
617,Sheila Snyder,DW89 Olusegun Obasanjo Way Lagos,932-623-6928,SheilaSnyder@gmail.com
618,Kyle Williams,DN90 Ajao Road Lagos,590-588-9190,KyleWilliams@gmail.com
619,Jason Anderson,YS16 Glover Road Lagos,356-188-4785,JasonAnderson@yahoo.com
620,Anthony Carr,NG45 Ogunlana Drive Lagos,604-975-4056,AnthonyCarr@gmail.com
621,Cynthia Ward,VU29 College Road Lagos,971-460-7444,CynthiaWard@gmail.com
622,Deborah Hart,IH32 Agege Motor Road Lagos,982-788-5315,DeborahHart@gmail.com
623,Jennifer Travis,AK95 Oba Akran Avenue Lagos,721-765-2363,JenniferTravis@yahoo.com
624,Catherine Davenport,VO42 Oniru Beach Road Lagos,890-209-9046,CatherineDavenport@gmail.com
625,Justin Davis,OF65 Agege Motor Road Lagos,308-812-5562,JustinDavis@gmail.com
626,Seth Benson,ZE65 Oshodi-Apapa Expressway Lagos,452-442-6084,SethBenson@gmail.com
627,Richard Monroe,RN56 Falomo Bridge Lagos,902-530-6773,RichardMonroe@gmail.com
628,Victor Edwards,JT67 Murtala Muhammed Way Lagos,994-888-5296,VictorEdwards@yahoo.com
629,Hannah Whitaker,RK32 Idowu Taylor Street Lagos,265-384-2834,HannahWhitaker@gmail.com
630,Amanda Williamson,GL43 Adeyemo Alakija Street Lagos,421-915-7725,AmandaWilliamson@yahoo.com
631,Lisa Wallace,XV54 Western Avenue Lagos,234-295-1838,LisaWallace@yahoo.com
632,Christopher Dennis,VG70 Awolowo Way Lagos,585-366-3044,ChristopherDennis@yahoo.com
633,Seth Wolfe,BA38 Epe Road Lagos,547-417-7724,SethWolfe@yahoo.com
634,Jade Conner,BI11 Adeniran Ogunsanya Street Lagos,657-692-1346,JadeConner@gmail.com
635,Jade Jones,XK79 Oduduwa Crescent Lagos,261-114-7062,JadeJones@yahoo.com
636,Charles Fernandez,ED32 Victoria Island Lagos,605-775-4164,CharlesFernandez@gmail.com
637,Zoe Torres,CR60 Idowu Taylor Street Lagos,236-311-9536,ZoeTorres@gmail.com
638,Crystal Clark,IP40 Idumagbo Avenue Lagos,880-582-4352,CrystalClark@gmail.com
639,Christopher Tran,ZB67 Oshodi Market Road Lagos,107-411-4284,ChristopherTran@yahoo.com
640,Lisa Hicks,TH42 Iganmu Road Lagos,529-213-9256,LisaHicks@gmail.com
641,Daniel Blair,PF71 Oniru Beach Road Lagos,494-635-6485,DanielBlair@yahoo.com
642,Eric Blackwell,KJ63 Maryland Mall Road Lagos,549-241-4433,EricBlackwell@yahoo.com
643,Christina Simmons,HH77 Ijora Causeway Lagos,218-813-9920,ChristinaSimmons@yahoo.com
644,Christopher Cook,IC44 Ajao Road Lagos,560-685-6900,ChristopherCook@gmail.com
645,Matthew Jones,LB13 Herbert Macaulay Way Lagos,223-841-6575,MatthewJones@yahoo.com
646,Ryan Bradley,ZS50 Ago Palace Way Lagos,921-731-6355,RyanBradley@yahoo.com
647,Christian Atkinson DVM,ZW3 Ijora Causeway Lagos,727-836-4074,ChristianAtkinsonDVM@gmail.com
648,Kristen Barnett,BW57 Creek Road Lagos,697-627-4788,KristenBarnett@gmail.com
649,James Valenzuela,AL56 Apongbon Road Lagos,854-247-3946,JamesValenzuela@gmail.com
650,Ashlee Anderson,HF49 Apongbon Road Lagos,445-532-4749,AshleeAnderson@yahoo.com
651,Jaime Mcmahon,SU46 Ijaye Road Lagos,573-794-8803,JaimeMcmahon@yahoo.com
652,Allison Morrison,WF91 Eric Moore Road Lagos,422-701-1329,AllisonMorrison@gmail.com
653,Christopher Arnold,LU18 Iganmu Road Lagos,887-926-2319,ChristopherArnold@yahoo.com
654,James Bates,QB86 Aromire Avenue Lagos,619-226-6400,JamesBates@gmail.com
655,Sara Rodriguez,PM60 Adegbola Street Lagos,373-943-7829,SaraRodriguez@yahoo.com
656,Bridget Velez,BN62 Adeniran Ogunsanya Street Lagos,458-916-4077,BridgetVelez@gmail.com
657,Amy Howe,VV67 Ikeja Along Road Lagos,607-905-5440,AmyHowe@gmail.com
658,James Allen,ZK82 Eleganza Plaza Road Lagos,866-384-2599,JamesAllen@gmail.com
659,Stephanie Hartman,NU98 Broad Street Lagos,583-421-4818,StephanieHartman@gmail.com
660,Margaret Contreras,ST17 Apongbon Road Lagos,215-342-8101,MargaretContreras@gmail.com
661,Jessica Perkins,YZ61 Apapa Road Lagos,363-552-5155,JessicaPerkins@yahoo.com
662,Christine King,AM82 Aromire Avenue Lagos,480-315-9385,ChristineKing@yahoo.com
663,Gina Trevino,YO94 Surulere Way Lagos,789-251-3533,GinaTrevino@yahoo.com
664,Hannah Browning,MO25 Ikeja Along Road Lagos,221-269-6699,HannahBrowning@yahoo.com
665,Deborah Estes,DV64 Ahmadu Bello Way Lagos,439-535-7778,DeborahEstes@yahoo.com
666,Ruth Hamilton,XI34 Olusegun Obasanjo Way Lagos,476-833-7072,RuthHamilton@gmail.com
667,Bailey Floyd,DK23 Agege Motor Road Lagos,655-787-5867,BaileyFloyd@gmail.com
668,Nathan Roach,EW71 Oba Akran Avenue Lagos,703-703-9829,NathanRoach@gmail.com
669,Christopher Farmer,TH92 Adegbola Street Lagos,211-171-3453,ChristopherFarmer@gmail.com
670,Richard Haney,DK69 Adekunle Fajuyi Way Lagos,761-829-4155,RichardHaney@gmail.com
671,Debra Warner,EB16 Murtala Muhammed Way Lagos,682-937-6617,DebraWarner@yahoo.com
672,Caitlin Martin,EK44 Akerele Street Lagos,435-896-8299,CaitlinMartin@yahoo.com
673,Christopher Silva,XI90 Epe Road Lagos,728-651-4915,ChristopherSilva@yahoo.com
674,Collin Morgan,GA13 College Road Lagos,653-207-8355,CollinMorgan@gmail.com
675,Brandon Banks,DO40 Akinwunmi Street Lagos,610-999-7312,BrandonBanks@yahoo.com
676,Christopher Washington,LL14 College Road Lagos,832-138-7812,ChristopherWashington@yahoo.com
677,James Forbes,BE71 Toyin Street Lagos,871-194-8794,JamesForbes@gmail.com
678,Tammy Walker,XQ24 Isaac John Street Lagos,358-278-6570,TammyWalker@yahoo.com
679,Shane Yates,XY19 Oniru Beach Road Lagos,771-584-5882,ShaneYates@gmail.com
680,Mr. Michael Lee DDS,TI59 Alhaji Masha Road Lagos,566-678-8144,Mr.MichaelLeeDDS@gmail.com
681,Kimberly Williams,BM71 Adeniran Ogunsanya Street Lagos,267-866-4602,KimberlyWilliams@gmail.com
682,Alexis Clark,IY14 Bishop Oluwole Street Lagos,929-260-5704,AlexisClark@yahoo.com
683,Ashley Ryan,MS42 Karimu Kotun Street Lagos,507-454-9710,AshleyRyan@gmail.com
684,Luis Holt,VG94 Herbert Macaulay Way Lagos,916-111-9142,LuisHolt@gmail.com
685,Ariel Schmidt,AO74 Awolowo Road Lagos,219-729-1062,ArielSchmidt@gmail.com
686,Debra Gordon,DS87 College Road Lagos,279-149-7160,DebraGordon@yahoo.com
687,Matthew Johnson,SM93 Bode Thomas Street Lagos,292-912-2195,MatthewJohnson@yahoo.com
688,Jamie Johnson,PK22 Ikorodu Road Lagos,511-511-7517,JamieJohnson@gmail.com
689,Kerry Turner,KA54 Oba Akran Avenue Lagos,684-976-3910,KerryTurner@gmail.com
690,Diane Blackwell,EL39 Adetokunbo Ademola Street Lagos,625-559-1606,DianeBlackwell@yahoo.com
691,Miguel Day,MU34 Herbert Macaulay Way Lagos,515-650-5970,MiguelDay@yahoo.com
692,Eric Rodriguez,XV81 Opebi Road Lagos,315-444-7014,EricRodriguez@yahoo.com
693,Christopher Rogers,RO83 Freedom Park Road Lagos,356-559-2590,ChristopherRogers@gmail.com
694,Jason Patrick,ES61 Adeniyi Jones Avenue Lagos,431-948-2360,JasonPatrick@yahoo.com
695,Michelle Andrews,HU90 Adegbola Street Lagos,403-693-8754,MichelleAndrews@gmail.com
696,Melanie Hopkins DDS,NG17 Eric Moore Road Lagos,474-702-4194,MelanieHopkinsDDS@gmail.com
697,David Munoz Jr.,JK47 Idumagbo Avenue Lagos,446-462-7910,DavidMunozJr.@yahoo.com
698,Gina Cummings MD,DG58 Victoria Island Lagos,476-483-4563,GinaCummingsMD@gmail.com
699,Patricia Davenport,LO6 Akin Adesola Street Lagos,579-849-5006,PatriciaDavenport@yahoo.com
700,Kayla Burnett,MB67 Oshodi-Apapa Expressway Lagos,224-134-1829,KaylaBurnett@yahoo.com
701,Edward Sexton,QW70 Eko Bridge Lagos,739-135-4409,EdwardSexton@yahoo.com
702,Dana Callahan,MG73 Surulere Way Lagos,473-668-6890,DanaCallahan@yahoo.com
703,Frank Watts,PN80 New Market Road Lagos,253-911-6855,FrankWatts@gmail.com
704,Beverly Clarke,KU93 New Market Road Lagos,211-663-3515,BeverlyClarke@yahoo.com
705,Tiffany Moore,DG87 Adeyemo Alakija Street Lagos,350-520-3994,TiffanyMoore@yahoo.com
706,Patrick Harris,DB79 Bishop Oluwole Street Lagos,637-445-7612,PatrickHarris@yahoo.com
707,John Johnson,HS27 Adeniran Ogunsanya Street Lagos,255-298-8205,JohnJohnson@yahoo.com
708,Cindy Brown,QM5 Oduduwa Crescent Lagos,982-907-4082,CindyBrown@yahoo.com
709,Christopher Stewart,GV63 Ikorodu Road Lagos,864-115-7729,ChristopherStewart@gmail.com
710,Ryan Mcdonald,XT96 Adekunle Fajuyi Way Lagos,985-728-2267,RyanMcdonald@gmail.com
711,Dawn Jefferson,WB50 Ahmadu Bello Way Lagos,550-798-7089,DawnJefferson@gmail.com
712,Katherine Browning,YO98 Eko Bridge Lagos,580-522-1964,KatherineBrowning@gmail.com
713,William Barrett,GE73 Simbiat Abiola Road Lagos,262-958-3924,WilliamBarrett@gmail.com
714,Nicole Martinez,ZC28 Alhaji Masha Road Lagos,158-499-6022,NicoleMartinez@yahoo.com
715,Kenneth Morgan,KN32 Eric Moore Road Lagos,237-709-5093,KennethMorgan@yahoo.com
716,Derek Scott,LJ11 Oregun Road Lagos,670-721-6836,DerekScott@gmail.com
717,Tommy Greene,LG48 Ijaye Road Lagos,319-392-2859,TommyGreene@yahoo.com
718,Hannah Cooper,QL16 Adeyemo Alakija Street Lagos,596-355-4813,HannahCooper@yahoo.com
719,Dawn Flores,DO4 Victoria Island Lagos,674-226-7094,DawnFlores@gmail.com
720,Dr. Christina Burns DDS,ZT98 Freedom Park Road Lagos,897-190-1070,Dr.ChristinaBurnsDDS@gmail.com
721,Mike Armstrong,LZ64 Adetokunbo Ademola Street Lagos,921-662-7177,MikeArmstrong@yahoo.com
722,Alexandra Adkins,ZH94 Adetokunbo Ademola Street Lagos,890-682-5293,AlexandraAdkins@yahoo.com
723,Crystal Hahn,TF85 Murtala Muhammed Way Lagos,405-742-9935,CrystalHahn@yahoo.com
724,Angela Smith,IT84 Ago Palace Way Lagos,482-939-2418,AngelaSmith@yahoo.com
725,Joseph Adams,BS53 Oniru Beach Road Lagos,658-204-5759,JosephAdams@gmail.com
726,Veronica Steele,FH91 Adegbola Street Lagos,854-222-6494,VeronicaSteele@gmail.com
727,Kyle Rogers,GT7 Gbagada Expressway Lagos,204-690-8750,KyleRogers@gmail.com
728,Adam Wallace,IR24 Adeniran Ogunsanya Street Lagos,285-306-4708,AdamWallace@yahoo.com
729,Michael Jones,WP56 Mobolaji Bank Anthony Way Lagos,351-821-8915,MichaelJones@yahoo.com
730,Kathleen Munoz,JE30 Opebi Road Lagos,324-664-5368,KathleenMunoz@gmail.com
731,Andrew Hayden,CS85 Oba Akran Avenue Lagos,130-368-7078,AndrewHayden@yahoo.com
732,Lisa Bowman,RD37 Falomo Bridge Lagos,223-505-5764,LisaBowman@yahoo.com
733,Kevin Harvey,MY64 Adeola Odeku Street Lagos,861-335-9384,KevinHarvey@gmail.com
734,Sheila Medina,PR43 Isaac John Street Lagos,141-712-5427,SheilaMedina@gmail.com
735,Carolyn Miller,FZ22 Allen Avenue Lagos,702-345-8944,CarolynMiller@yahoo.com
736,Corey Thomas,NW67 Gbagada Expressway Lagos,900-861-2201,CoreyThomas@gmail.com
737,Kerri Boyer,XX89 Isaac John Street Lagos,762-759-5823,KerriBoyer@yahoo.com
738,William Miller,TT80 Karimu Kotun Street Lagos,895-101-9902,WilliamMiller@yahoo.com
739,David Byrd,FN22 Ikorodu Road Lagos,557-106-6450,DavidByrd@gmail.com
740,Anthony Knox,CO33 Olusegun Obasanjo Way Lagos,615-274-4358,AnthonyKnox@yahoo.com
741,Brooke Nixon,ED66 Adeniran Ogunsanya Street Lagos,742-355-2332,BrookeNixon@yahoo.com
742,Thomas Wright,ID97 Ajose Adeogun Street Lagos,960-487-8456,ThomasWright@gmail.com
743,William Robinson,ZM68 Toyin Street Lagos,986-720-3341,WilliamRobinson@yahoo.com
744,Jessica Smith,RG68 Eko Bridge Lagos,899-877-8991,JessicaSmith@yahoo.com
745,Jason Edwards,XV76 Allen Avenue Lagos,995-663-9757,JasonEdwards@yahoo.com
746,Dr. Courtney Best,DO92 Aromire Avenue Lagos,764-919-3296,Dr.CourtneyBest@gmail.com
747,Abigail Waters,TS44 Adelabu Street Lagos,170-759-3152,AbigailWaters@gmail.com
748,Marc Johnson,KZ32 Olusegun Obasanjo Way Lagos,434-164-5253,MarcJohnson@gmail.com
749,Gary Poole,KS92 Oniru Beach Road Lagos,782-914-7461,GaryPoole@gmail.com
750,Benjamin Gibbs,GJ71 Maryland Mall Road Lagos,716-364-2831,BenjaminGibbs@gmail.com
751,Elizabeth Lowery,NC6 Ikeja Along Road Lagos,942-635-6682,ElizabethLowery@yahoo.com
752,Lawrence Campbell,SG74 Bode Thomas Street Lagos,138-142-7277,LawrenceCampbell@gmail.com
753,Bryan Best,EC21 Gbagada Expressway Lagos,566-953-5990,BryanBest@yahoo.com
754,Adam Mcdonald,OB56 Oniru Beach Road Lagos,851-573-7998,AdamMcdonald@yahoo.com
755,Cassie Hernandez,WW48 Karimu Kotun Street Lagos,851-824-7958,CassieHernandez@gmail.com
756,Wesley Contreras,PR5 Idowu Taylor Street Lagos,778-110-4511,WesleyContreras@gmail.com
757,Cindy Hatfield,DE6 Maryland Mall Road Lagos,104-194-9427,CindyHatfield@gmail.com
758,Mary Mejia,GB27 Isaac John Street Lagos,787-165-8379,MaryMejia@yahoo.com
759,Elizabeth Green,JK18 Bode Thomas Street Lagos,583-873-9221,ElizabethGreen@yahoo.com
760,Mercedes Campbell,FI21 Epe Road Lagos,312-307-6136,MercedesCampbell@yahoo.com
761,Laura Torres,UI75 New Market Road Lagos,532-166-3951,LauraTorres@gmail.com
762,Jodi Morales,WP76 Oregun Road Lagos,389-426-9820,JodiMorales@yahoo.com
763,Alexander Campbell,MI11 Isaac John Street Lagos,754-290-9802,AlexanderCampbell@yahoo.com
764,Thomas Burnett,XP30 Broad Street Lagos,548-176-4924,ThomasBurnett@yahoo.com
765,Andre Vaughn,WA85 Maryland Mall Road Lagos,953-411-3056,AndreVaughn@gmail.com
766,Elizabeth Tran,SA59 Ijaye Road Lagos,551-277-6735,ElizabethTran@yahoo.com
767,Ryan Baker,QR41 Eric Moore Road Lagos,420-400-3494,RyanBaker@yahoo.com
768,Jennifer Walsh,YD76 Broad Street Lagos,164-708-2727,JenniferWalsh@yahoo.com
769,Benjamin Smith,JQ10 Marina Street Lagos,590-814-4426,BenjaminSmith@yahoo.com
770,Kristi Powell,RS31 Iganmu Road Lagos,198-773-8693,KristiPowell@gmail.com
771,Danielle Daniels,ZL65 Victoria Island Lagos,378-777-9419,DanielleDaniels@gmail.com
772,John Gray,PL16 Mobolaji Bank Anthony Way Lagos,658-198-4535,JohnGray@gmail.com
773,Jeremiah Wade,IW88 Akin Adesola Street Lagos,154-805-6401,JeremiahWade@yahoo.com
774,April Cox,YA36 Joel Ogunnaike Street Lagos,370-890-7703,AprilCox@gmail.com
775,Leah Jordan,HK70 Iganmu Road Lagos,999-906-1603,LeahJordan@gmail.com
776,Ronald Becker,FD46 Simbiat Abiola Road Lagos,309-703-9781,RonaldBecker@yahoo.com
777,Kyle Hull,HP30 Glover Road Lagos,702-450-7178,KyleHull@yahoo.com
778,Dylan Ellis,HR99 Oba Akinjobi Street Lagos,701-813-6380,DylanEllis@yahoo.com
779,Katie Young,QF42 Ahmadu Bello Way Lagos,506-652-7334,KatieYoung@yahoo.com
780,Ernest Woodard,XK90 Oshodi Market Road Lagos,277-490-5062,ErnestWoodard@yahoo.com
781,Debbie Williams,ER93 Oshodi-Apapa Expressway Lagos,596-103-8326,DebbieWilliams@yahoo.com
782,Colleen Rodriguez,BO12 Agege Motor Road Lagos,975-510-9817,ColleenRodriguez@yahoo.com
783,Willie Morrison,ZV35 Adeola Odeku Street Lagos,851-727-1742,WillieMorrison@gmail.com
784,Eric Mcclain,MY90 Glover Road Lagos,648-339-1114,EricMcclain@gmail.com
785,Leslie Blake DDS,KS73 Oduduwa Crescent Lagos,988-780-4228,LeslieBlakeDDS@yahoo.com
786,Jill Stevenson,YK78 Broad Street Lagos,281-974-6093,JillStevenson@gmail.com
787,Gary Powers,YW16 Ago Palace Way Lagos,701-795-5596,GaryPowers@gmail.com
788,Brian Jordan,SD47 Oduduwa Crescent Lagos,126-400-5795,BrianJordan@gmail.com
789,Alexis Young,RJ100 Mobolaji Bank Anthony Way Lagos,614-394-2270,AlexisYoung@yahoo.com
790,Jerome Thomas,LE26 Adegbola Street Lagos,220-716-7071,JeromeThomas@yahoo.com
791,Christina Brown,ZT56 Karimu Kotun Street Lagos,976-950-4062,ChristinaBrown@yahoo.com
792,Michael Zavala,QU70 Murtala Muhammed Way Lagos,977-565-7955,MichaelZavala@gmail.com
793,Ariel Hayes,YS80 Ojuelegba Road Lagos,641-492-7778,ArielHayes@yahoo.com
794,James Gonzalez,NT21 Oshodi-Apapa Expressway Lagos,787-733-1344,JamesGonzalez@gmail.com
795,Isaiah Rubio,GG88 Iganmu Road Lagos,852-330-3748,IsaiahRubio@gmail.com
796,Alfred Austin,KR45 Idumagbo Avenue Lagos,775-785-5922,AlfredAustin@gmail.com
797,Barry Santos,ZA94 Idowu Taylor Street Lagos,442-514-8095,BarrySantos@gmail.com
798,Yesenia Hickman,SN83 Epe Road Lagos,585-238-1499,YeseniaHickman@yahoo.com
799,Jessica Ferguson,JL76 Glover Road Lagos,213-132-2007,JessicaFerguson@gmail.com
800,Emma Nelson,PQ79 Herbert Macaulay Way Lagos,232-513-8701,EmmaNelson@yahoo.com
801,Mr. Justin Green,LY77 Idumagbo Avenue Lagos,259-250-1288,Mr.JustinGreen@yahoo.com
802,David Harris,ZA16 Oduduwa Crescent Lagos,122-337-5643,DavidHarris@gmail.com
803,John Boone,XR16 Allen Avenue Lagos,793-198-7223,JohnBoone@yahoo.com
804,Joseph Perry,BO27 Isaac John Street Lagos,599-741-9243,JosephPerry@gmail.com
805,Alexandria Curry,CK34 Marina Street Lagos,297-137-9310,AlexandriaCurry@yahoo.com
806,Melinda Jones,AL45 Iganmu Road Lagos,392-856-5981,MelindaJones@gmail.com
807,Stacey Harris,EA27 Oshodi-Apapa Expressway Lagos,663-426-9765,StaceyHarris@yahoo.com
808,Samantha Wilson,OO92 Akin Adesola Street Lagos,425-985-1348,SamanthaWilson@gmail.com
809,Richard Turner,YR14 Adeola Odeku Street Lagos,317-739-4715,RichardTurner@gmail.com
810,Brenda Smith,QW17 Akerele Street Lagos,952-590-4937,BrendaSmith@gmail.com
811,Daniel Brown,ZL19 Babs Animashaun Road Lagos,280-158-9704,DanielBrown@gmail.com
812,Molly Robles,XL74 Joel Ogunnaike Street Lagos,260-141-6253,MollyRobles@gmail.com
813,Robin Young,SV51 Ogunlana Drive Lagos,365-941-6505,RobinYoung@gmail.com
814,Sharon Holmes,GT48 Awolowo Way Lagos,329-432-2105,SharonHolmes@yahoo.com
815,Desiree Brown,EN17 Agege Motor Road Lagos,445-162-6458,DesireeBrown@yahoo.com
816,Lori Herrera,TA63 Adeniyi Jones Avenue Lagos,851-558-9226,LoriHerrera@gmail.com
817,Amber Farmer,KF7 Oshodi-Apapa Expressway Lagos,914-394-4860,AmberFarmer@gmail.com
818,Jason Thomas,AW66 Allen Avenue Lagos,241-355-1028,JasonThomas@yahoo.com
819,Keith Gilbert,OU91 Toyin Street Lagos,399-631-2194,KeithGilbert@gmail.com
820,Alex Mcbride,GY2 Oba Akran Avenue Lagos,693-490-1030,AlexMcbride@gmail.com
821,Gloria Young,FB92 Adeniyi Jones Avenue Lagos,441-680-1220,GloriaYoung@yahoo.com
822,Kimberly Miller,IM30 Adelabu Street Lagos,378-281-4788,KimberlyMiller@yahoo.com
823,Christina Williams,EQ39 Akinwunmi Street Lagos,637-303-9310,ChristinaWilliams@gmail.com
824,Amy Shaw,XE18 Ago Palace Way Lagos,406-245-9127,AmyShaw@gmail.com
825,Samuel Shaw,NB100 Ligali Ayorinde Street Lagos,948-244-1304,SamuelShaw@gmail.com
826,Jennifer Hinton,NN28 Allen Avenue Lagos,297-949-9724,JenniferHinton@gmail.com
827,Anne Morris,FF19 Glover Road Lagos,276-780-3589,AnneMorris@gmail.com
828,Perry Stuart,ZD31 Eko Bridge Lagos,762-365-8432,PerryStuart@yahoo.com
829,Ryan Calhoun,DT76 Creek Road Lagos,362-613-9865,RyanCalhoun@gmail.com
830,Daniel Chase,JN92 Bourdillon Road Lagos,234-887-9519,DanielChase@gmail.com
831,Claudia Jones,US54 Ahmadu Bello Way Lagos,366-565-8584,ClaudiaJones@gmail.com
832,Ashley Perez,DM82 Akerele Street Lagos,375-824-6213,AshleyPerez@gmail.com
833,Mark Harrison,HD12 Lekki-Epe Expressway Lagos,210-799-5883,MarkHarrison@yahoo.com
834,Maria Douglas,OB92 Broad Street Lagos,642-970-8175,MariaDouglas@yahoo.com
835,Kathleen Anderson,YP64 Glover Road Lagos,694-248-4594,KathleenAnderson@yahoo.com
836,Jerry Allen,VL30 Akin Adesola Street Lagos,616-418-2186,JerryAllen@gmail.com
837,Ruth Thompson,VX69 Bode Thomas Street Lagos,137-168-8814,RuthThompson@yahoo.com
838,Wendy Richards,GT63 Olusegun Obasanjo Way Lagos,297-405-1333,WendyRichards@gmail.com
839,Andrew Ford,OG96 Obafemi Awolowo Road Lagos,592-662-8467,AndrewFord@yahoo.com
840,Jeffrey Vargas,TL64 Bode Thomas Street Lagos,700-170-5737,JeffreyVargas@gmail.com
841,Sydney Coleman,XM94 Gbagada Expressway Lagos,847-973-1042,SydneyColeman@gmail.com
842,Jennifer Jones,PO77 G.R.A. Ikeja Lagos,438-688-3999,JenniferJones@gmail.com
843,Nicole Wilson,LW75 Herbert Macaulay Way Lagos,984-106-5114,NicoleWilson@yahoo.com
844,Kimberly Johnson,PR41 Bourdillon Road Lagos,840-802-6279,KimberlyJohnson@yahoo.com
845,Kyle Austin,QX93 Victoria Island Lagos,265-122-7969,KyleAustin@gmail.com
846,Jennifer Johnson,VW60 Obafemi Awolowo Way Lagos,315-345-2204,JenniferJohnson@yahoo.com
847,Teresa Townsend,WX42 Mobolaji Bank Anthony Way Lagos,195-746-4890,TeresaTownsend@gmail.com
848,Katherine Riley,XP74 Adeola Odeku Street Lagos,144-342-6433,KatherineRiley@yahoo.com
849,Denise Brown,GD48 Adetokunbo Ademola Street Lagos,519-420-7197,DeniseBrown@yahoo.com
850,Elizabeth Sexton,AT60 Falomo Bridge Lagos,495-958-4500,ElizabethSexton@yahoo.com
851,Alexis Hardy,BQ6 Mobolaji Bank Anthony Way Lagos,790-425-9286,AlexisHardy@gmail.com
852,Richard Bates,VK57 Freedom Park Road Lagos,458-166-3975,RichardBates@yahoo.com
853,Caroline Harris,PP87 Iganmu Road Lagos,702-309-7211,CarolineHarris@yahoo.com
854,Jeffrey Jones,NO88 Lekki-Epe Expressway Lagos,585-220-3300,JeffreyJones@yahoo.com
855,Mr. Anthony Hill,BB39 Falomo Bridge Lagos,920-195-9864,Mr.AnthonyHill@yahoo.com
856,Robert Terrell,ZE84 Apapa Road Lagos,534-925-8872,RobertTerrell@yahoo.com
857,Mathew Turner,ZE14 Awolowo Road Lagos,355-263-4649,MathewTurner@yahoo.com
858,Sandra Petty,WP92 Allen Avenue Lagos,920-202-5997,SandraPetty@yahoo.com
859,Andrew Beard,UQ6 Oregun Road Lagos,427-609-9953,AndrewBeard@gmail.com
860,Rebecca Ibarra,KI38 Ikeja Along Road Lagos,821-671-4326,RebeccaIbarra@gmail.com
861,Richard Mcclain,XN55 Oduduwa Crescent Lagos,220-661-7785,RichardMcclain@gmail.com
862,Vincent Marquez,YQ45 Gbagada Expressway Lagos,934-185-4651,VincentMarquez@gmail.com
863,Wendy Hernandez,IL69 Lekki-Epe Expressway Lagos,568-773-8627,WendyHernandez@yahoo.com
864,Stacey Wright,WR19 Surulere Way Lagos,393-647-2523,StaceyWright@gmail.com
865,Stephen Richardson,AT87 Idowu Taylor Street Lagos,174-813-1927,StephenRichardson@yahoo.com
866,Carolyn Lopez,FB39 Adegbola Street Lagos,324-669-6327,CarolynLopez@yahoo.com
867,Virginia Franklin,AK64 Obafemi Awolowo Road Lagos,522-101-7370,VirginiaFranklin@yahoo.com
868,Bradley Brown,ER11 Oduduwa Crescent Lagos,410-550-8051,BradleyBrown@gmail.com
869,Stephen Allen,SD46 Ikorodu Road Lagos,307-624-5056,StephenAllen@gmail.com
870,Jeffrey Hanson,FV63 Herbert Macaulay Way Lagos,758-250-3648,JeffreyHanson@gmail.com
871,Andrew Lewis,WZ62 Simbiat Abiola Road Lagos,205-985-2870,AndrewLewis@gmail.com
872,Samuel Flores,GX2 Aromire Avenue Lagos,176-626-5529,SamuelFlores@yahoo.com
873,Andrew Snyder,EF55 Freedom Park Road Lagos,471-454-5375,AndrewSnyder@yahoo.com
874,Martha Taylor,GW70 Ajose Adeogun Street Lagos,376-329-6973,MarthaTaylor@gmail.com
875,Jeffrey Gomez,TL9 Ijora Causeway Lagos,922-780-2087,JeffreyGomez@yahoo.com
876,Steven Obrien,MG46 Ijaye Road Lagos,220-147-3481,StevenObrien@yahoo.com
877,Anthony Torres,TV53 Adelabu Street Lagos,524-234-3039,AnthonyTorres@yahoo.com
878,Robert Green,VW99 Mobolaji Bank Anthony Way Lagos,660-634-7929,RobertGreen@yahoo.com
879,Kenneth Bullock,JT33 G.R.A. Ikeja Lagos,587-367-1014,KennethBullock@yahoo.com
880,Casey Hudson,JZ62 Oyin Jolayemi Street Lagos,784-792-9504,CaseyHudson@gmail.com
881,Robert Benson,LF53 Murtala Muhammed Way Lagos,846-126-1447,RobertBenson@gmail.com
882,Alexandra Fernandez,OW90 Oregun Road Lagos,256-662-5054,AlexandraFernandez@yahoo.com
883,Kimberly White,ZC79 Isaac John Street Lagos,615-825-5723,KimberlyWhite@gmail.com
884,Cristina Kelly,JY28 Okota Road Lagos,462-388-3236,CristinaKelly@yahoo.com
885,Aaron Fischer,GY14 Isaac John Street Lagos,505-508-2092,AaronFischer@yahoo.com
886,Gloria Wells,KO92 Apapa Road Lagos,495-973-4525,GloriaWells@gmail.com
887,Daisy Moody,XF38 Murtala Muhammed Way Lagos,737-728-7598,DaisyMoody@gmail.com
888,Elizabeth Anderson,XL65 Idumagbo Avenue Lagos,316-372-4450,ElizabethAnderson@yahoo.com
889,Elizabeth Hall,CJ93 Ajose Adeogun Street Lagos,991-434-7380,ElizabethHall@gmail.com
890,Michael Griffith,ZP13 Karimu Kotun Street Lagos,580-658-7078,MichaelGriffith@gmail.com
891,Dr. Cheryl Arroyo,AO13 Bode Thomas Street Lagos,392-243-7259,Dr.CherylArroyo@gmail.com
892,Joseph Mitchell,QC66 Olusegun Obasanjo Way Lagos,581-302-2757,JosephMitchell@gmail.com
893,Anthony Perkins,DX81 Bode Thomas Street Lagos,395-116-8732,AnthonyPerkins@yahoo.com
894,Amy Snyder,MO38 Bode Thomas Street Lagos,912-688-8201,AmySnyder@gmail.com
895,Michelle Clark,WQ94 Oba Akinjobi Street Lagos,284-673-5348,MichelleClark@gmail.com
896,Joshua Cook,PI6 Oshodi Market Road Lagos,800-111-5931,JoshuaCook@yahoo.com
897,Lauren Williams,YT78 Adetokunbo Ademola Street Lagos,413-357-1862,LaurenWilliams@gmail.com
898,Charles Lee,DJ52 Adeniyi Jones Avenue Lagos,479-610-1100,CharlesLee@gmail.com
899,Daniel Peters,JJ97 Awolowo Road Lagos,278-201-3769,DanielPeters@yahoo.com
900,Raymond Palmer,MV35 Allen Avenue Lagos,865-526-1824,RaymondPalmer@gmail.com
901,Haley Kim,ZV21 Akinwunmi Street Lagos,262-159-8504,HaleyKim@gmail.com
902,Sandra Johnson,PR27 Akinwunmi Street Lagos,424-517-8820,SandraJohnson@gmail.com
903,Gregory Compton,YR60 Ojuelegba Road Lagos,432-772-2892,GregoryCompton@yahoo.com
904,Deborah Smith,UC76 Ligali Ayorinde Street Lagos,933-473-1402,DeborahSmith@yahoo.com
905,Anthony Mcbride,UH58 Lekki-Epe Expressway Lagos,452-492-3513,AnthonyMcbride@gmail.com
906,William Crawford,MP72 Oyin Jolayemi Street Lagos,975-697-6320,WilliamCrawford@gmail.com
907,Benjamin Oconnor,OH3 Marina Street Lagos,272-922-3032,BenjaminOconnor@gmail.com
908,Anna Thompson,AK78 Alhaji Masha Road Lagos,582-710-9517,AnnaThompson@gmail.com
909,Deborah Thomas,PG86 College Road Lagos,409-500-6823,DeborahThomas@gmail.com
910,Roberta Pollard,OR98 Ojuelegba Road Lagos,401-993-4286,RobertaPollard@gmail.com
911,Joseph Reed,FQ35 Idumagbo Avenue Lagos,708-807-7880,JosephReed@gmail.com
912,Joshua Williams,ER64 Oba Akinjobi Street Lagos,445-814-7537,JoshuaWilliams@yahoo.com
913,Jose Miller,AZ88 Oniru Beach Road Lagos,367-194-3811,JoseMiller@gmail.com
914,Jennifer Khan,VR98 G.R.A. Ikeja Lagos,285-168-9912,JenniferKhan@gmail.com
915,Jessica Kane,QV44 Eleganza Plaza Road Lagos,936-349-4744,JessicaKane@gmail.com
916,David Hendricks,AL38 Ojota Interchange Lagos,720-901-1994,DavidHendricks@gmail.com
917,Karla Palmer,HI25 Ojota Interchange Lagos,222-694-2177,KarlaPalmer@gmail.com
918,Edward Rodriguez,AI84 Gbagada Expressway Lagos,163-526-4454,EdwardRodriguez@yahoo.com
919,Caleb Martinez,PD62 Adeniran Ogunsanya Street Lagos,450-709-2768,CalebMartinez@yahoo.com
920,Brittany Porter,RJ87 Isaac John Street Lagos,563-127-3771,BrittanyPorter@yahoo.com
921,Susan Peters,DY79 Akerele Street Lagos,287-545-4797,SusanPeters@gmail.com
922,Mark Manning,FP29 Murtala Muhammed Way Lagos,293-473-4864,MarkManning@yahoo.com
923,Marcia Smith,CZ73 Ojota Interchange Lagos,706-776-5135,MarciaSmith@yahoo.com
924,Kristin Nelson,GA68 Glover Road Lagos,611-554-2685,KristinNelson@yahoo.com
925,Michael Mason,YO38 Obafemi Awolowo Road Lagos,719-177-5057,MichaelMason@gmail.com
926,James Campbell,HU12 Glover Road Lagos,467-501-5372,JamesCampbell@yahoo.com
927,Andrea Weaver,IY52 Apongbon Road Lagos,778-592-4657,AndreaWeaver@gmail.com
928,Diane Williams,RF67 Eric Moore Road Lagos,992-127-3894,DianeWilliams@yahoo.com
929,Matthew Rowland,CR17 Ogunlana Drive Lagos,806-140-7467,MatthewRowland@gmail.com
930,Scott Johnston,FK41 Awolowo Way Lagos,715-539-4030,ScottJohnston@yahoo.com
931,Andrew Mueller,HZ73 Mobolaji Bank Anthony Way Lagos,758-142-2340,AndrewMueller@gmail.com
932,Evan Jennings,PY70 Oshodi Market Road Lagos,248-490-3067,EvanJennings@yahoo.com
933,Mrs. Amy Mccullough,OW67 Ligali Ayorinde Street Lagos,202-972-5790,Mrs.AmyMccullough@gmail.com
934,Timothy Oconnor,FK79 Allen Avenue Lagos,477-604-3040,TimothyOconnor@gmail.com
935,Rachael Key DDS,RL38 Eric Moore Road Lagos,639-715-2309,RachaelKeyDDS@yahoo.com
936,Lisa Todd,UI8 Bishop Oluwole Street Lagos,272-331-6721,LisaTodd@yahoo.com
937,Samantha Kirk,PC5 Eric Moore Road Lagos,929-382-5001,SamanthaKirk@gmail.com
938,Laurie Gomez,VM8 Mobolaji Bank Anthony Way Lagos,375-271-2975,LaurieGomez@yahoo.com
939,Jimmy Harding,QA5 Gbagada Expressway Lagos,822-889-1924,JimmyHarding@gmail.com
940,Haley Lynch,BB64 Adekunle Fajuyi Way Lagos,504-715-4771,HaleyLynch@yahoo.com
941,Bryan Beck,AA26 Adetokunbo Ademola Street Lagos,811-204-8950,BryanBeck@yahoo.com
942,Natalie Whitaker,SB2 Obafemi Awolowo Road Lagos,326-551-2639,NatalieWhitaker@yahoo.com
943,Luis Wright,UT7 Alausa Secretariat Road Lagos,617-579-8203,LuisWright@yahoo.com
944,Mike Cruz,FG37 Akinwunmi Street Lagos,734-827-2581,MikeCruz@gmail.com
945,Stephen Lee,WQ70 Oba Akinjobi Street Lagos,265-577-2715,StephenLee@yahoo.com
946,Melissa Little,KD59 Allen Avenue Lagos,579-404-1573,MelissaLittle@yahoo.com
947,Diana Carter,LU7 Aromire Avenue Lagos,623-361-2560,DianaCarter@gmail.com
948,Rachael White,QM6 Simbiat Abiola Road Lagos,144-610-2104,RachaelWhite@yahoo.com
949,Leslie Huynh,GD22 Eko Bridge Lagos,794-413-1402,LeslieHuynh@yahoo.com
950,Victoria Howard,IB70 Akerele Street Lagos,105-563-1623,VictoriaHoward@gmail.com
951,Alexander Bonilla,OU62 Iganmu Road Lagos,258-152-3264,AlexanderBonilla@gmail.com
952,Timothy Holmes,MD15 Agege Motor Road Lagos,147-348-4527,TimothyHolmes@yahoo.com
953,Donna Orozco,BW43 Murtala Muhammed Way Lagos,804-495-7567,DonnaOrozco@yahoo.com
954,Jesse Velasquez,OI85 Idowu Taylor Street Lagos,641-789-6777,JesseVelasquez@gmail.com
955,Ashley Cook,KO91 Bode Thomas Street Lagos,148-329-9644,AshleyCook@yahoo.com
